country;MERCHANDISE TRADE;ARTS, CULTURE, ENTERTAINMENT;WELFARE, SOCIAL SERVICES;STRATEGY/PLANS;REGULATION/POLICY;CONTRACTS/ORDERS;MARKETS/MARKETING;HEALTH;SPORTS;DEFENCE;PRODUCTION/SERVICES;CAPACITY/FACILITIES;CORPORATE/INDUSTRIAL;ENVIRONMENT AND NATURAL WORLD;DISASTERS AND ACCIDENTS;CRIME, LAW ENFORCEMENT;TRADE/RESERVES;ECONOMICS;RELIGION;INTERNATIONAL RELATIONS;DOMESTIC POLITICS;WAR, CIVIL WAR;GOVERNMENT/SOCIAL;SHARE LISTINGS;COMMODITY MARKETS;LEGAL/JUDICIAL;LABOUR;BALANCE OF PAYMENTS;EMPLOYMENT/LABOUR;LABOUR ISSUES;TRAVEL AND TOURISM;EXPENDITURE/REVENUE;HUMAN INTEREST;MONEY MARKETS;FOREX MARKETS;MANAGEMENT;MANAGEMENT MOVES;MARKETS;GOVERNMENT BORROWING;INFLATION/PRICES;CONSUMER PRICES;EUROPEAN COMMUNITY;EC EXTERNAL RELATIONS;ECONOMIC PERFORMANCE;GOVERNMENT FINANCE;BIOGRAPHIES, PERSONALITIES, PEOPLE;MONETARY/ECONOMIC;ELECTIONS;WHOLESALE PRICES;OUTPUT/CAPACITY;NEW PRODUCTS/SERVICES;SOFT COMMODITIES;SCIENCE AND TECHNOLOGY;MARKET SHARE;ADVERTISING/PROMOTION;RETAIL SALES;INSOLVENCY/LIQUIDITY;MONEY SUPPLY;LEADING INDICATORS;DEFENCE CONTRACTS;PERSONAL INCOME;ENERGY MARKETS;ASSET TRANSFERS;MONOPOLIES/COMPETITION;EC MONETARY/ECONOMIC;LOANS/CREDITS;DOMESTIC MARKETS;WEATHER;CONSUMER FINANCE;ANNUAL RESULTS;UNEMPLOYMENT;INDUSTRIAL PRODUCTION;CREDIT RATINGS;BONDS/DEBT ISSUES;SHARE CAPITAL;COMMENT/FORECASTS;EXTERNAL MARKETS;PRIVATISATIONS;MERGERS/ACQUISITIONS;ACCOUNTS/EARNINGS;FUNDING/CAPITAL;RESERVES;PERFORMANCE;OWNERSHIP CHANGES;EQUITY MARKETS;BOND MARKETS;INTERBANK MARKETS;MILLENNIUM ISSUES;EC INTERNAL MARKET;EC CORPORATE POLICY;EC AGRICULTURE POLICY;CONSUMER CREDIT;OBITUARIES;INVENTORIES;HOUSING STARTS;RESEARCH/DEVELOPMENT;METALS TRADING;FASHION;EC INSTITUTIONS;CAPACITY UTILIZATION;EC GENERAL;EC ENVIRONMENT ISSUES;EC COMPETITION/SUBSIDY
AFGHANISTAN;1.0;1.0;1.0;1.0;1.0;1.0;1.0;2.0;2.0;2.0;2.0;2.0;3.0;4.0;4.0;5.0;8.0;8.0;8.0;32.0;34.0;143.0;179.0;0.0;0.0;0.0;0.0;0.0;0.0;0.0;0.0;0.0;0.0;0.0;0.0;0.0;0.0;0.0;0.0;0.0;0.0;0.0;0.0;0.0;0.0;0.0;0.0;0.0;0.0;0.0;0.0;0.0;0.0;0.0;0.0;0.0;0.0;0.0;0.0;0.0;0.0;0.0;0.0;0.0;0.0;0.0;0.0;0.0;0.0;0.0;0.0;0.0;0.0;0.0;0.0;0.0;0.0;0.0;0.0;0.0;0.0;0.0;0.0;0.0;0.0;0.0;0.0;0.0;0.0;0.0;0.0;0.0;0.0;0.0;0.0;0.0;0.0;0.0;0.0;0.0;0.0;0.0;0.0
ALBANIA;1.0;1.0;0.0;0.0;11.0;0.0;2.0;1.0;18.0;65.0;4.0;16.0;34.0;2.0;13.0;25.0;36.0;64.0;1.0;159.0;334.0;242.0;599.0;1.0;1.0;1.0;1.0;2.0;2.0;2.0;2.0;3.0;3.0;4.0;4.0;4.0;4.0;5.0;5.0;5.0;5.0;6.0;6.0;6.0;8.0;9.0;16.0;223.0;0.0;0.0;0.0;0.0;0.0;0.0;0.0;0.0;0.0;0.0;0.0;0.0;0.0;0.0;0.0;0.0;0.0;0.0;0.0;0.0;0.0;0.0;0.0;0.0;0.0;0.0;0.0;0.0;0.0;0.0;0.0;0.0;0.0;0.0;0.0;0.0;0.0;0.0;0.0;0.0;0.0;0.0;0.0;0.0;0.0;0.0;0.0;0.0;0.0;0.0;0.0;0.0;0.0;0.0;0.0
ANGOLA;2.0;0.0;0.0;2.0;4.0;2.0;0.0;0.0;3.0;9.0;5.0;21.0;26.0;1.0;0.0;0.0;4.0;8.0;0.0;31.0;34.0;89.0;138.0;0.0;1.0;0.0;1.0;0.0;1.0;1.0;0.0;0.0;0.0;2.0;2.0;0.0;0.0;3.0;1.0;0.0;0.0;1.0;1.0;1.0;1.0;1.0;3.0;0.0;0.0;0.0;1.0;1.0;0.0;0.0;0.0;0.0;0.0;0.0;0.0;0.0;0.0;0.0;0.0;0.0;0.0;0.0;0.0;0.0;0.0;0.0;0.0;0.0;0.0;0.0;0.0;0.0;0.0;0.0;0.0;0.0;0.0;0.0;0.0;0.0;0.0;0.0;0.0;0.0;0.0;0.0;0.0;0.0;0.0;0.0;0.0;0.0;0.0;0.0;0.0;0.0;0.0;0.0;0.0
ARGENTINA;46.0;5.0;10.0;18.0;46.0;18.0;64.0;3.0;85.0;7.0;67.0;86.0;532.0;7.0;2.0;102.0;146.0;403.0;5.0;51.0;115.0;60.0;415.0;7.0;459.0;26.0;37.0;7.0;86.0;84.0;0.0;41.0;3.0;183.0;7.0;3.0;2.0;925.0;59.0;13.0;13.0;6.0;3.0;27.0;95.0;8.0;62.0;20.0;4.0;18.0;1.0;450.0;1.0;1.0;1.0;1.0;1.0;1.0;1.0;2.0;2.0;3.0;3.0;3.0;3.0;4.0;5.0;6.0;6.0;7.0;15.0;18.0;19.0;22.0;24.0;32.0;37.0;46.0;69.0;70.0;74.0;85.0;101.0;110.0;136.0;154.0;175.0;0.0;0.0;0.0;0.0;0.0;0.0;0.0;0.0;0.0;0.0;0.0;0.0;0.0;0.0;0.0;0.0
ARMENIA;2.0;0.0;0.0;1.0;0.0;1.0;1.0;0.0;2.0;0.0;1.0;1.0;5.0;0.0;0.0;0.0;2.0;8.0;0.0;1.0;12.0;3.0;17.0;0.0;0.0;0.0;0.0;0.0;0.0;0.0;0.0;0.0;0.0;0.0;0.0;0.0;0.0;0.0;3.0;1.0;1.0;0.0;0.0;0.0;3.0;0.0;5.0;1.0;0.0;0.0;0.0;0.0;0.0;0.0;0.0;0.0;0.0;0.0;0.0;0.0;0.0;0.0;0.0;0.0;0.0;0.0;1.0;0.0;0.0;0.0;0.0;0.0;0.0;0.0;0.0;0.0;0.0;2.0;0.0;0.0;0.0;0.0;0.0;2.0;0.0;0.0;0.0;0.0;0.0;0.0;0.0;0.0;0.0;0.0;0.0;0.0;0.0;0.0;0.0;0.0;0.0;0.0;0.0
AUSTRALIA;83.0;26.0;15.0;330.0;458.0;143.0;518.0;32.0;456.0;30.0;324.0;648.0;4096.0;81.0;105.0;185.0;146.0;1299.0;9.0;137.0;469.0;37.0;2149.0;91.0;711.0;71.0;126.0;16.0;262.0;256.0;8.0;249.0;21.0;466.0;285.0;149.0;136.0;2129.0;60.0;76.0;70.0;7.0;3.0;132.0;309.0;26.0;294.0;24.0;5.0;16.0;33.0;519.0;15.0;14.0;12.0;23.0;5.0;2.0;232.0;14.0;26.0;87.0;96.0;115.0;4.0;22.0;30.0;54.0;71.0;113.0;68.0;4.0;90.0;100.0;189.0;983.0;93.0;82.0;668.0;419.0;429.0;28.0;1291.0;804.0;570.0;611.0;188.0;1.0;1.0;1.0;2.0;3.0;4.0;6.0;16.0;21.0;233.0;0.0;0.0;0.0;0.0;0.0;0.0
AUSTRIA;14.0;11.0;0.0;16.0;109.0;24.0;104.0;1.0;120.0;37.0;91.0;26.0;456.0;5.0;9.0;32.0;23.0;146.0;4.0;107.0;72.0;35.0;476.0;7.0;77.0;10.0;10.0;6.0;22.0;22.0;3.0;22.0;2.0;57.0;13.0;12.0;10.0;296.0;14.0;13.0;8.0;70.0;19.0;10.0;35.0;12.0;63.0;25.0;5.0;0.0;1.0;16.0;0.0;3.0;1.0;0.0;2.0;0.0;0.0;0.0;0.0;61.0;6.0;1.0;51.0;1.0;4.0;4.0;0.0;65.0;7.0;0.0;2.0;0.0;13.0;75.0;8.0;17.0;60.0;138.0;17.0;5.0;195.0;76.0;155.0;35.0;44.0;0.0;22.0;6.0;1.0;0.0;2.0;0.0;0.0;0.0;0.0;1.0;6.0;0.0;0.0;0.0;0.0
AZERBAIJAN;3.0;0.0;0.0;9.0;6.0;6.0;2.0;2.0;6.0;2.0;8.0;18.0;29.0;1.0;2.0;1.0;4.0;10.0;0.0;12.0;8.0;1.0;29.0;0.0;1.0;0.0;0.0;0.0;0.0;0.0;0.0;1.0;0.0;0.0;0.0;0.0;0.0;1.0;2.0;0.0;0.0;0.0;0.0;0.0;3.0;1.0;3.0;0.0;0.0;1.0;0.0;0.0;0.0;0.0;0.0;0.0;0.0;0.0;0.0;0.0;0.0;1.0;1.0;0.0;0.0;1.0;0.0;0.0;0.0;0.0;0.0;1.0;0.0;0.0;0.0;1.0;0.0;1.0;0.0;0.0;1.0;0.0;1.0;2.0;0.0;0.0;0.0;0.0;0.0;0.0;0.0;0.0;0.0;0.0;0.0;0.0;0.0;0.0;0.0;0.0;0.0;0.0;0.0
BAHRAIN;2.0;0.0;1.0;13.0;3.0;9.0;4.0;0.0;3.0;6.0;6.0;20.0;146.0;1.0;6.0;11.0;7.0;23.0;0.0;13.0;6.0;14.0;208.0;0.0;1.0;0.0;1.0;2.0;3.0;3.0;1.0;1.0;0.0;41.0;10.0;2.0;2.0;63.0;8.0;0.0;0.0;1.0;0.0;1.0;10.0;0.0;4.0;0.0;0.0;1.0;4.0;0.0;0.0;0.0;0.0;0.0;5.0;1.0;0.0;0.0;0.0;0.0;0.0;0.0;1.0;12.0;0.0;0.0;0.0;14.0;0.0;0.0;0.0;1.0;7.0;2.0;0.0;1.0;7.0;77.0;23.0;0.0;79.0;7.0;19.0;2.0;41.0;0.0;0.0;0.0;0.0;0.0;0.0;0.0;0.0;0.0;1.0;0.0;0.0;0.0;0.0;0.0;0.0
BANGLADESH;22.0;0.0;9.0;5.0;52.0;8.0;23.0;11.0;5.0;2.0;15.0;65.0;182.0;37.0;93.0;43.0;38.0;137.0;4.0;64.0;81.0;82.0;408.0;1.0;60.0;16.0;25.0;5.0;34.0;35.0;0.0;24.0;1.0;106.0;95.0;6.0;4.0;349.0;6.0;5.0;5.0;4.0;4.0;19.0;31.0;6.0;36.0;6.0;0.0;0.0;0.0;53.0;0.0;0.0;0.0;0.0;2.0;0.0;1.0;0.0;0.0;2.0;1.0;0.0;0.0;0.0;7.0;30.0;1.0;9.0;0.0;0.0;0.0;0.0;4.0;4.0;5.0;9.0;1.0;14.0;13.0;4.0;18.0;9.0;183.0;0.0;17.0;0.0;0.0;0.0;0.0;0.0;0.0;0.0;0.0;0.0;0.0;0.0;0.0;0.0;0.0;0.0;0.0
BARBADOS;2.0;0.0;0.0;0.0;1.0;0.0;0.0;0.0;18.0;0.0;0.0;0.0;2.0;0.0;1.0;2.0;3.0;4.0;0.0;7.0;2.0;1.0;28.0;0.0;0.0;0.0;1.0;0.0;1.0;1.0;0.0;0.0;0.0;0.0;0.0;0.0;0.0;1.0;0.0;0.0;0.0;0.0;0.0;0.0;0.0;0.0;0.0;0.0;0.0;0.0;0.0;0.0;0.0;0.0;0.0;0.0;0.0;0.0;0.0;0.0;0.0;0.0;0.0;0.0;0.0;0.0;0.0;0.0;0.0;0.0;0.0;0.0;0.0;0.0;0.0;0.0;0.0;0.0;0.0;0.0;0.0;0.0;0.0;0.0;1.0;0.0;0.0;0.0;0.0;0.0;0.0;0.0;0.0;0.0;0.0;0.0;0.0;0.0;0.0;0.0;0.0;0.0;0.0
BELARUS;5.0;2.0;0.0;10.0;7.0;1.0;3.0;0.0;13.0;5.0;10.0;19.0;34.0;1.0;3.0;8.0;10.0;35.0;0.0;40.0;20.0;17.0;75.0;0.0;6.0;1.0;1.0;0.0;2.0;2.0;0.0;3.0;0.0;1.0;1.0;0.0;0.0;7.0;7.0;9.0;7.0;0.0;0.0;4.0;10.0;1.0;10.0;0.0;2.0;2.0;2.0;4.0;0.0;0.0;0.0;0.0;0.0;0.0;0.0;0.0;0.0;2.0;0.0;0.0;0.0;0.0;2.0;0.0;0.0;0.0;1.0;2.0;0.0;0.0;2.0;0.0;1.0;2.0;0.0;0.0;1.0;0.0;0.0;2.0;0.0;0.0;0.0;0.0;0.0;0.0;0.0;0.0;0.0;0.0;0.0;0.0;0.0;0.0;0.0;0.0;0.0;0.0;0.0
BELGIUM;162.0;25.0;5.0;175.0;622.0;71.0;381.0;53.0;108.0;98.0;126.0;190.0;1980.0;53.0;23.0;157.0;203.0;804.0;3.0;271.0;130.0;79.0;2202.0;66.0;197.0;50.0;121.0;5.0;161.0;183.0;3.0;159.0;20.0;316.0;148.0;20.0;16.0;883.0;43.0;24.0;25.0;1711.0;361.0;74.0;205.0;8.0;338.0;34.0;1.0;14.0;22.0;185.0;8.0;17.0;15.0;1.0;12.0;17.0;6.0;4.0;1.0;0.0;12.0;495.0;455.0;3.0;97.0;2.0;1.0;61.0;20.0;11.0;0.0;7.0;92.0;199.0;89.0;23.0;530.0;118.0;201.0;24.0;305.0;520.0;228.0;184.0;176.0;0.0;171.0;361.0;341.0;1.0;3.0;0.0;0.0;13.0;21.0;0.0;288.0;1.0;4.0;26.0;507.0
BOLIVIA;1.0;1.0;1.0;0.0;5.0;1.0;0.0;0.0;94.0;0.0;0.0;1.0;10.0;0.0;0.0;1.0;1.0;8.0;0.0;3.0;22.0;7.0;132.0;0.0;0.0;0.0;1.0;0.0;1.0;1.0;0.0;0.0;3.0;0.0;0.0;0.0;0.0;0.0;0.0;3.0;3.0;0.0;0.0;0.0;0.0;7.0;2.0;14.0;0.0;0.0;0.0;0.0;1.0;0.0;0.0;0.0;0.0;0.0;0.0;0.0;0.0;0.0;0.0;0.0;0.0;0.0;0.0;0.0;0.0;0.0;0.0;0.0;0.0;0.0;0.0;1.0;0.0;6.0;1.0;0.0;0.0;0.0;1.0;6.0;0.0;0.0;0.0;0.0;0.0;0.0;0.0;0.0;0.0;0.0;0.0;0.0;0.0;0.0;0.0;0.0;0.0;0.0;0.0
BOSNIA;3.0;0.0;0.0;5.0;9.0;3.0;2.0;0.0;4.0;17.0;3.0;6.0;25.0;0.0;2.0;66.0;20.0;59.0;21.0;111.0;94.0;160.0;349.0;0.0;0.0;0.0;1.0;1.0;1.0;1.0;0.0;3.0;0.0;3.0;3.0;1.0;0.0;3.0;10.0;10.0;7.0;4.0;3.0;6.0;12.0;5.0;17.0;17.0;3.0;6.0;0.0;0.0;0.0;0.0;1.0;0.0;0.0;0.0;0.0;0.0;0.0;0.0;0.0;0.0;0.0;0.0;1.0;0.0;0.0;1.0;0.0;6.0;0.0;0.0;0.0;1.0;0.0;3.0;0.0;1.0;0.0;0.0;2.0;3.0;0.0;0.0;0.0;0.0;0.0;1.0;0.0;0.0;0.0;0.0;0.0;0.0;0.0;0.0;0.0;0.0;0.0;0.0;0.0
BOTSWANA;7.0;0.0;0.0;3.0;4.0;3.0;3.0;1.0;0.0;0.0;1.0;3.0;32.0;2.0;0.0;2.0;12.0;28.0;0.0;12.0;3.0;4.0;43.0;10.0;0.0;1.0;1.0;0.0;2.0;2.0;0.0;0.0;0.0;4.0;3.0;1.0;1.0;22.0;2.0;4.0;4.0;1.0;1.0;1.0;2.0;0.0;8.0;0.0;0.0;0.0;0.0;0.0;0.0;0.0;0.0;0.0;0.0;0.0;3.0;1.0;0.0;0.0;0.0;0.0;0.0;0.0;2.0;0.0;0.0;5.0;0.0;0.0;0.0;0.0;4.0;3.0;1.0;3.0;0.0;8.0;4.0;1.0;11.0;3.0;19.0;2.0;1.0;0.0;0.0;0.0;0.0;0.0;0.0;0.0;0.0;0.0;0.0;0.0;0.0;0.0;0.0;0.0;0.0
BRAZIL;132.0;7.0;18.0;94.0;237.0;60.0;228.0;3.0;136.0;15.0;199.0;217.0;1526.0;14.0;28.0;251.0;229.0;736.0;6.0;49.0;245.0;62.0;915.0;11.0;624.0;106.0;112.0;76.0;142.0;140.0;1.0;70.0;17.0;247.0;215.0;22.0;22.0;1090.0;53.0;46.0;46.0;11.0;11.0;31.0;119.0;17.0;190.0;50.0;8.0;17.0;6.0;585.0;1.0;0.0;0.0;2.0;7.0;3.0;17.0;3.0;0.0;2.0;8.0;16.0;0.0;5.0;37.0;54.0;8.0;13.0;10.0;14.0;6.0;20.0;38.0;198.0;96.0;348.0;128.0;119.0;91.0;12.0;318.0;414.0;183.0;43.0;35.0;0.0;0.0;0.0;1.0;5.0;5.0;0.0;0.0;0.0;8.0;1.0;0.0;0.0;0.0;0.0;0.0
BULGARIA;21.0;6.0;2.0;24.0;56.0;15.0;42.0;2.0;40.0;19.0;34.0;37.0;270.0;6.0;7.0;68.0;55.0;366.0;4.0;49.0;129.0;10.0;414.0;1.0;35.0;22.0;2.0;11.0;10.0;10.0;2.0;37.0;4.0;434.0;230.0;11.0;7.0;487.0;47.0;23.0;19.0;19.0;21.0;16.0;87.0;4.0;198.0;52.0;4.0;9.0;0.0;34.0;0.0;0.0;1.0;4.0;24.0;29.0;27.0;0.0;0.0;1.0;6.0;4.0;1.0;5.0;16.0;22.0;4.0;26.0;6.0;5.0;3.0;2.0;3.0;1.0;12.0;48.0;34.0;31.0;16.0;13.0;32.0;69.0;2.0;27.0;214.0;0.0;0.0;0.0;0.0;0.0;0.0;0.0;0.0;0.0;0.0;0.0;2.0;0.0;0.0;0.0;0.0
BURMA;20.0;0.0;0.0;1.0;3.0;0.0;1.0;1.0;0.0;2.0;0.0;4.0;8.0;2.0;0.0;11.0;20.0;21.0;1.0;40.0;34.0;27.0;81.0;0.0;0.0;2.0;0.0;0.0;0.0;0.0;0.0;0.0;0.0;2.0;2.0;0.0;0.0;2.0;0.0;0.0;0.0;2.0;2.0;1.0;0.0;2.0;1.0;0.0;0.0;0.0;0.0;0.0;0.0;0.0;0.0;0.0;0.0;0.0;0.0;0.0;0.0;0.0;0.0;0.0;0.0;0.0;0.0;0.0;0.0;0.0;0.0;0.0;0.0;0.0;0.0;0.0;0.0;0.0;0.0;0.0;0.0;0.0;0.0;0.0;0.0;0.0;0.0;0.0;0.0;0.0;0.0;0.0;2.0;0.0;0.0;0.0;0.0;0.0;0.0;0.0;0.0;0.0;0.0
BURUNDI;2.0;0.0;0.0;0.0;0.0;0.0;3.0;1.0;0.0;1.0;1.0;0.0;4.0;0.0;1.0;4.0;2.0;2.0;0.0;9.0;12.0;51.0;60.0;0.0;3.0;0.0;0.0;0.0;0.0;0.0;0.0;0.0;0.0;2.0;2.0;0.0;0.0;5.0;0.0;0.0;0.0;0.0;0.0;0.0;0.0;2.0;0.0;0.0;0.0;0.0;1.0;3.0;0.0;0.0;0.0;0.0;0.0;0.0;0.0;0.0;0.0;0.0;0.0;0.0;0.0;0.0;0.0;0.0;0.0;0.0;0.0;0.0;0.0;0.0;0.0;0.0;3.0;0.0;0.0;0.0;0.0;0.0;0.0;0.0;0.0;0.0;0.0;0.0;0.0;0.0;0.0;0.0;0.0;0.0;0.0;0.0;0.0;0.0;0.0;0.0;0.0;0.0;0.0
CAMBODIA;9.0;1.0;0.0;1.0;2.0;0.0;2.0;0.0;1.0;7.0;1.0;6.0;12.0;3.0;2.0;38.0;21.0;32.0;1.0;120.0;286.0;317.0;470.0;0.0;0.0;1.0;0.0;3.0;1.0;1.0;3.0;2.0;3.0;1.0;1.0;0.0;0.0;1.0;0.0;2.0;2.0;0.0;0.0;4.0;2.0;7.0;2.0;18.0;0.0;0.0;0.0;0.0;0.0;0.0;0.0;0.0;0.0;0.0;0.0;0.0;0.0;0.0;0.0;0.0;0.0;0.0;0.0;1.0;0.0;0.0;0.0;0.0;1.0;0.0;0.0;0.0;2.0;0.0;0.0;1.0;1.0;0.0;1.0;0.0;0.0;0.0;0.0;0.0;0.0;0.0;0.0;0.0;0.0;0.0;0.0;0.0;0.0;0.0;0.0;0.0;0.0;0.0;0.0
CAMEROON;1.0;0.0;0.0;0.0;5.0;1.0;5.0;1.0;3.0;0.0;3.0;2.0;10.0;0.0;1.0;0.0;2.0;11.0;0.0;1.0;16.0;7.0;25.0;0.0;4.0;0.0;0.0;0.0;0.0;0.0;0.0;5.0;0.0;2.0;2.0;0.0;0.0;6.0;3.0;1.0;1.0;0.0;0.0;1.0;8.0;0.0;2.0;13.0;0.0;0.0;0.0;4.0;0.0;0.0;0.0;0.0;0.0;0.0;0.0;0.0;0.0;0.0;0.0;0.0;0.0;0.0;0.0;0.0;0.0;0.0;0.0;0.0;0.0;0.0;0.0;0.0;5.0;0.0;0.0;0.0;0.0;0.0;0.0;0.0;0.0;0.0;0.0;0.0;0.0;0.0;0.0;0.0;0.0;0.0;0.0;0.0;0.0;0.0;0.0;0.0;0.0;0.0;0.0
CANADA;117.0;26.0;5.0;135.0;226.0;54.0;245.0;26.0;131.0;12.0;251.0;551.0;2043.0;70.0;75.0;174.0;139.0;675.0;2.0;111.0;237.0;45.0;1130.0;30.0;838.0;119.0;140.0;11.0;186.0;184.0;8.0;70.0;20.0;548.0;231.0;42.0;33.0;1956.0;46.0;26.0;18.0;14.0;12.0;42.0;116.0;11.0;95.0;141.0;8.0;10.0;11.0;506.0;5.0;0.0;7.0;10.0;17.0;35.0;73.0;2.0;8.0;271.0;30.0;17.0;2.0;7.0;17.0;116.0;24.0;36.0;20.0;5.0;76.0;23.0;47.0;216.0;82.0;6.0;255.0;292.0;178.0;10.0;488.0;286.0;399.0;263.0;366.0;0.0;0.0;0.0;1.0;0.0;2.0;2.0;14.0;15.0;16.0;0.0;0.0;0.0;0.0;0.0;0.0
CHILE;51.0;3.0;4.0;26.0;43.0;18.0;41.0;0.0;9.0;7.0;57.0;85.0;363.0;22.0;13.0;48.0;58.0;171.0;1.0;33.0;30.0;11.0;217.0;3.0;11.0;13.0;52.0;3.0;60.0;59.0;0.0;4.0;7.0;4.0;2.0;0.0;0.0;141.0;2.0;11.0;10.0;4.0;5.0;14.0;7.0;5.0;9.0;0.0;1.0;11.0;0.0;3.0;3.0;3.0;1.0;3.0;0.0;1.0;0.0;2.0;0.0;0.0;4.0;2.0;1.0;10.0;8.0;13.0;4.0;1.0;4.0;11.0;2.0;5.0;22.0;29.0;16.0;10.0;24.0;34.0;40.0;3.0;62.0;36.0;125.0;1.0;2.0;0.0;0.0;0.0;0.0;0.0;1.0;0.0;0.0;1.0;9.0;0.0;1.0;0.0;0.0;0.0;0.0
CHINA;147.0;23.0;9.0;204.0;306.0;98.0;426.0;20.0;58.0;90.0;339.0;349.0;2426.0;87.0;135.0;188.0;251.0;678.0;28.0;486.0;443.0;105.0;1481.0;172.0;506.0;47.0;31.0;31.0;59.0;59.0;6.0;48.0;35.0;333.0;138.0;30.0;20.0;1442.0;49.0;33.0;33.0;13.0;13.0;74.0;99.0;19.0;163.0;21.0;0.0;30.0;24.0;228.0;18.0;9.0;4.0;12.0;9.0;16.0;3.0;4.0;10.0;41.0;19.0;4.0;0.0;62.0;101.0;51.0;24.0;197.0;5.0;23.0;25.0;105.0;173.0;249.0;86.0;4.0;126.0;390.0;398.0;12.0;624.0;147.0;557.0;73.0;197.0;0.0;0.0;0.0;0.0;1.0;5.0;0.0;0.0;9.0;232.0;3.0;2.0;0.0;0.0;0.0;0.0
COLOMBIA;10.0;4.0;4.0;19.0;49.0;10.0;53.0;8.0;11.0;12.0;45.0;94.0;325.0;17.0;20.0;180.0;38.0;152.0;4.0;46.0;115.0;230.0;503.0;1.0;65.0;8.0;45.0;7.0;53.0;52.0;0.0;15.0;8.0;88.0;87.0;3.0;2.0;243.0;3.0;11.0;8.0;1.0;1.0;22.0;21.0;6.0;14.0;24.0;3.0;4.0;0.0;57.0;0.0;0.0;0.0;3.0;1.0;0.0;1.0;0.0;0.0;8.0;1.0;3.0;0.0;6.0;0.0;3.0;4.0;1.0;5.0;4.0;0.0;4.0;2.0;19.0;23.0;9.0;10.0;47.0;12.0;15.0;66.0;15.0;90.0;0.0;6.0;0.0;0.0;0.0;0.0;0.0;0.0;0.0;0.0;0.0;0.0;0.0;0.0;0.0;0.0;0.0;0.0
COMOROS;1.0;0.0;0.0;0.0;1.0;0.0;0.0;0.0;0.0;0.0;1.0;0.0;2.0;0.0;0.0;4.0;1.0;2.0;0.0;8.0;24.0;21.0;34.0;0.0;0.0;1.0;0.0;0.0;1.0;1.0;0.0;0.0;1.0;0.0;0.0;0.0;0.0;0.0;0.0;0.0;0.0;1.0;1.0;0.0;0.0;0.0;0.0;2.0;0.0;0.0;0.0;0.0;0.0;0.0;0.0;0.0;0.0;0.0;0.0;0.0;0.0;0.0;0.0;0.0;0.0;0.0;0.0;0.0;0.0;0.0;0.0;0.0;0.0;0.0;0.0;0.0;0.0;0.0;0.0;0.0;0.0;0.0;0.0;0.0;0.0;0.0;0.0;0.0;0.0;0.0;0.0;0.0;0.0;0.0;0.0;0.0;0.0;0.0;0.0;0.0;0.0;0.0;0.0
CONGO;2.0;0.0;0.0;0.0;2.0;0.0;0.0;0.0;0.0;13.0;0.0;2.0;4.0;0.0;2.0;1.0;2.0;3.0;0.0;100.0;51.0;200.0;211.0;0.0;0.0;0.0;0.0;0.0;0.0;0.0;0.0;1.0;0.0;0.0;0.0;0.0;0.0;0.0;0.0;0.0;0.0;0.0;0.0;0.0;1.0;0.0;0.0;5.0;0.0;0.0;0.0;0.0;0.0;0.0;0.0;0.0;0.0;0.0;0.0;0.0;0.0;0.0;0.0;1.0;0.0;0.0;0.0;0.0;0.0;0.0;0.0;0.0;0.0;0.0;0.0;0.0;0.0;0.0;0.0;0.0;1.0;0.0;0.0;0.0;0.0;0.0;0.0;0.0;0.0;0.0;0.0;0.0;0.0;0.0;0.0;0.0;0.0;0.0;0.0;0.0;0.0;0.0;0.0
COSTA RICA;7.0;0.0;0.0;0.0;5.0;1.0;5.0;1.0;5.0;0.0;1.0;4.0;16.0;4.0;4.0;6.0;7.0;16.0;0.0;22.0;3.0;2.0;38.0;0.0;6.0;2.0;0.0;0.0;0.0;0.0;0.0;1.0;2.0;0.0;0.0;0.0;0.0;8.0;3.0;4.0;4.0;0.0;0.0;1.0;4.0;0.0;0.0;1.0;0.0;0.0;0.0;6.0;0.0;0.0;0.0;0.0;0.0;0.0;0.0;0.0;0.0;0.0;0.0;0.0;0.0;0.0;1.0;0.0;1.0;0.0;0.0;0.0;0.0;0.0;0.0;2.0;3.0;0.0;0.0;0.0;0.0;0.0;2.0;0.0;0.0;2.0;0.0;0.0;0.0;0.0;0.0;0.0;0.0;0.0;0.0;0.0;0.0;0.0;0.0;0.0;0.0;0.0;0.0
COTE D'IVOIRE;7.0;0.0;0.0;13.0;34.0;3.0;42.0;3.0;3.0;1.0;42.0;53.0;141.0;8.0;9.0;5.0;22.0;53.0;0.0;16.0;17.0;13.0;146.0;2.0;69.0;2.0;1.0;2.0;2.0;2.0;0.0;2.0;0.0;4.0;1.0;3.0;2.0;94.0;17.0;6.0;6.0;4.0;2.0;2.0;20.0;2.0;10.0;2.0;0.0;1.0;1.0;66.0;0.0;0.0;2.0;0.0;0.0;1.0;0.0;0.0;0.0;1.0;1.0;1.0;1.0;3.0;3.0;15.0;0.0;1.0;0.0;0.0;0.0;1.0;3.0;3.0;20.0;12.0;7.0;4.0;15.0;0.0;7.0;16.0;20.0;1.0;3.0;0.0;0.0;1.0;0.0;0.0;1.0;0.0;0.0;0.0;1.0;0.0;0.0;1.0;0.0;0.0;0.0
CROATIA;12.0;0.0;2.0;18.0;12.0;18.0;14.0;1.0;46.0;3.0;12.0;25.0;170.0;2.0;4.0;28.0;29.0;128.0;1.0;66.0;114.0;53.0;357.0;5.0;7.0;0.0;3.0;10.0;13.0;11.0;6.0;4.0;2.0;214.0;12.0;4.0;4.0;381.0;14.0;12.0;7.0;4.0;2.0;9.0;19.0;11.0;42.0;80.0;5.0;7.0;0.0;5.0;0.0;2.0;2.0;5.0;1.0;7.0;2.0;0.0;4.0;2.0;2.0;0.0;2.0;15.0;1.0;0.0;9.0;24.0;6.0;6.0;1.0;2.0;7.0;27.0;2.0;11.0;5.0;26.0;30.0;4.0;52.0;16.0;163.0;3.0;200.0;0.0;1.0;0.0;0.0;0.0;1.0;0.0;0.0;1.0;0.0;0.0;0.0;0.0;0.0;0.0;0.0
CUBA;14.0;3.0;0.0;1.0;13.0;0.0;0.0;7.0;4.0;4.0;6.0;12.0;35.0;3.0;18.0;20.0;21.0;29.0;7.0;54.0;34.0;20.0;153.0;0.0;2.0;2.0;1.0;3.0;1.0;1.0;4.0;1.0;7.0;0.0;0.0;0.0;0.0;2.0;1.0;0.0;0.0;4.0;4.0;2.0;2.0;12.0;4.0;3.0;0.0;0.0;0.0;1.0;0.0;0.0;0.0;0.0;0.0;0.0;0.0;0.0;0.0;1.0;0.0;0.0;0.0;0.0;0.0;3.0;0.0;0.0;0.0;0.0;0.0;0.0;0.0;0.0;0.0;0.0;0.0;0.0;0.0;0.0;0.0;0.0;0.0;0.0;0.0;0.0;0.0;0.0;0.0;0.0;3.0;0.0;0.0;0.0;0.0;1.0;0.0;0.0;0.0;0.0;0.0
CYPRUS;8.0;7.0;0.0;5.0;17.0;4.0;6.0;3.0;9.0;20.0;7.0;18.0;73.0;3.0;5.0;50.0;9.0;41.0;7.0;79.0;49.0;34.0;268.0;5.0;18.0;4.0;7.0;1.0;7.0;7.0;1.0;2.0;5.0;29.0;0.0;0.0;0.0;76.0;7.0;4.0;4.0;5.0;5.0;3.0;9.0;4.0;5.0;3.0;0.0;1.0;0.0;14.0;0.0;0.0;1.0;0.0;0.0;1.0;5.0;0.0;0.0;4.0;0.0;0.0;0.0;1.0;1.0;0.0;0.0;4.0;0.0;1.0;6.0;0.0;3.0;8.0;3.0;1.0;2.0;7.0;12.0;0.0;15.0;2.0;24.0;5.0;29.0;0.0;0.0;0.0;0.0;0.0;0.0;0.0;0.0;0.0;0.0;0.0;0.0;0.0;0.0;0.0;0.0
CZECH REPUBLIC;50.0;2.0;1.0;11.0;53.0;27.0;55.0;0.0;90.0;33.0;27.0;31.0;479.0;24.0;64.0;11.0;61.0;379.0;13.0;66.0;141.0;2.0;465.0;5.0;14.0;8.0;4.0;3.0;18.0;18.0;0.0;36.0;2.0;401.0;179.0;4.0;0.0;908.0;22.0;24.0;21.0;18.0;16.0;26.0;58.0;11.0;191.0;14.0;5.0;23.0;2.0;6.0;0.0;2.0;1.0;5.0;0.0;11.0;38.0;10.0;4.0;0.0;2.0;1.0;5.0;16.0;7.0;24.0;8.0;57.0;4.0;17.0;2.0;11.0;16.0;52.0;2.0;29.0;30.0;192.0;46.0;9.0;233.0;48.0;394.0;116.0;223.0;0.0;1.0;0.0;0.0;0.0;4.0;0.0;0.0;0.0;8.0;0.0;2.0;0.0;0.0;0.0;0.0
DEMOCRATIC REPUBLIC OF CONGO;2.0;0.0;1.0;0.0;8.0;3.0;4.0;1.0;2.0;5.0;3.0;7.0;29.0;1.0;3.0;9.0;11.0;31.0;2.0;74.0;107.0;135.0;221.0;0.0;3.0;0.0;5.0;2.0;5.0;5.0;0.0;1.0;1.0;1.0;1.0;0.0;0.0;4.0;4.0;1.0;1.0;3.0;3.0;1.0;6.0;4.0;11.0;6.0;0.0;0.0;0.0;1.0;0.0;0.0;0.0;0.0;0.0;1.0;0.0;0.0;0.0;0.0;1.0;0.0;0.0;0.0;0.0;0.0;0.0;0.0;0.0;0.0;0.0;0.0;0.0;0.0;1.0;1.0;0.0;0.0;0.0;0.0;0.0;1.0;0.0;0.0;0.0;0.0;0.0;0.0;0.0;0.0;0.0;0.0;0.0;0.0;2.0;0.0;0.0;0.0;0.0;0.0;0.0
DENMARK;15.0;3.0;0.0;31.0;22.0;19.0;35.0;1.0;53.0;7.0;22.0;23.0;336.0;4.0;1.0;25.0;41.0;135.0;0.0;30.0;32.0;19.0;249.0;6.0;8.0;3.0;1.0;27.0;19.0;18.0;0.0;14.0;2.0;105.0;7.0;1.0;1.0;506.0;6.0;29.0;23.0;34.0;3.0;31.0;20.0;3.0;27.0;6.0;7.0;3.0;9.0;5.0;2.0;3.0;3.0;5.0;0.0;0.0;2.0;0.0;1.0;3.0;6.0;10.0;8.0;1.0;1.0;2.0;7.0;14.0;12.0;2.0;0.0;44.0;7.0;73.0;3.0;5.0;54.0;49.0;53.0;8.0;113.0;61.0;248.0;170.0;100.0;0.0;7.0;3.0;0.0;0.0;0.0;0.0;0.0;4.0;0.0;0.0;23.0;1.0;0.0;1.0;5.0
ECUADOR;5.0;0.0;0.0;2.0;4.0;4.0;31.0;0.0;2.0;3.0;3.0;12.0;64.0;3.0;3.0;3.0;19.0;71.0;0.0;6.0;21.0;4.0;37.0;0.0;34.0;0.0;3.0;1.0;3.0;3.0;0.0;10.0;0.0;12.0;2.0;1.0;1.0;50.0;19.0;6.0;6.0;0.0;0.0;4.0;30.0;0.0;17.0;3.0;0.0;0.0;0.0;34.0;0.0;0.0;0.0;0.0;0.0;3.0;0.0;0.0;0.0;0.0;1.0;0.0;0.0;2.0;1.0;1.0;0.0;0.0;0.0;0.0;2.0;1.0;0.0;1.0;26.0;8.0;3.0;2.0;6.0;10.0;3.0;9.0;2.0;2.0;7.0;0.0;0.0;0.0;0.0;0.0;0.0;0.0;0.0;0.0;0.0;0.0;0.0;0.0;0.0;0.0;0.0
EGYPT;19.0;9.0;1.0;13.0;22.0;16.0;27.0;9.0;24.0;12.0;19.0;44.0;274.0;3.0;15.0;59.0;36.0;160.0;19.0;170.0;75.0;87.0;478.0;4.0;69.0;4.0;0.0;7.0;1.0;1.0;3.0;9.0;8.0;248.0;106.0;1.0;1.0;402.0;4.0;5.0;5.0;13.0;12.0;4.0;13.0;5.0;30.0;4.0;0.0;0.0;1.0;58.0;3.0;0.0;0.0;0.0;0.0;6.0;81.0;0.0;0.0;12.0;2.0;1.0;0.0;2.0;13.0;1.0;0.0;15.0;0.0;0.0;2.0;7.0;41.0;8.0;4.0;52.0;14.0;84.0;52.0;5.0;92.0;60.0;86.0;0.0;168.0;0.0;0.0;0.0;1.0;0.0;2.0;0.0;0.0;1.0;0.0;0.0;0.0;0.0;0.0;0.0;0.0
EL SALVADOR;4.0;0.0;0.0;1.0;2.0;0.0;2.0;0.0;3.0;0.0;4.0;3.0;14.0;0.0;1.0;5.0;4.0;11.0;1.0;2.0;1.0;2.0;13.0;0.0;6.0;3.0;0.0;0.0;0.0;0.0;0.0;0.0;0.0;1.0;1.0;0.0;0.0;7.0;1.0;6.0;6.0;0.0;0.0;1.0;1.0;0.0;0.0;0.0;0.0;0.0;0.0;6.0;0.0;0.0;0.0;0.0;1.0;0.0;0.0;0.0;0.0;0.0;0.0;0.0;0.0;0.0;0.0;0.0;0.0;0.0;0.0;0.0;0.0;1.0;0.0;0.0;2.0;1.0;1.0;0.0;1.0;0.0;0.0;2.0;0.0;0.0;0.0;0.0;0.0;0.0;0.0;0.0;0.0;0.0;0.0;0.0;0.0;0.0;0.0;0.0;0.0;0.0;0.0
ERITREA;1.0;0.0;0.0;0.0;1.0;1.0;1.0;0.0;0.0;0.0;0.0;0.0;2.0;0.0;0.0;0.0;1.0;2.0;0.0;5.0;5.0;13.0;18.0;0.0;0.0;0.0;0.0;0.0;0.0;0.0;0.0;1.0;0.0;0.0;0.0;0.0;0.0;0.0;0.0;0.0;0.0;0.0;0.0;0.0;1.0;0.0;0.0;0.0;0.0;0.0;0.0;0.0;0.0;0.0;0.0;0.0;0.0;0.0;0.0;0.0;0.0;0.0;0.0;0.0;0.0;0.0;0.0;0.0;0.0;0.0;0.0;0.0;0.0;0.0;0.0;0.0;1.0;0.0;0.0;0.0;0.0;0.0;0.0;0.0;0.0;0.0;0.0;0.0;0.0;0.0;0.0;0.0;0.0;0.0;0.0;0.0;0.0;0.0;0.0;0.0;0.0;0.0;0.0
ESTONIA;19.0;0.0;1.0;67.0;53.0;20.0;69.0;0.0;26.0;4.0;9.0;32.0;703.0;1.0;0.0;14.0;30.0;181.0;0.0;16.0;13.0;0.0;247.0;67.0;1.0;13.0;1.0;4.0;7.0;6.0;1.0;23.0;0.0;99.0;77.0;11.0;11.0;354.0;23.0;20.0;12.0;12.0;10.0;10.0;46.0;0.0;31.0;0.0;4.0;7.0;5.0;1.0;0.0;8.0;4.0;1.0;1.0;1.0;43.0;0.0;2.0;0.0;4.0;1.0;2.0;30.0;8.0;0.0;3.0;16.0;4.0;2.0;15.0;40.0;93.0;68.0;7.0;53.0;64.0;180.0;182.0;5.0;243.0;105.0;250.0;4.0;22.0;0.0;0.0;0.0;0.0;0.0;0.0;0.0;0.0;0.0;0.0;0.0;0.0;0.0;0.0;0.0;0.0
ETHIOPIA;1.0;0.0;0.0;2.0;3.0;2.0;7.0;0.0;5.0;3.0;6.0;5.0;20.0;1.0;3.0;18.0;5.0;19.0;1.0;19.0;18.0;34.0;66.0;0.0;5.0;0.0;0.0;1.0;0.0;0.0;0.0;5.0;0.0;14.0;10.0;1.0;1.0;20.0;6.0;1.0;1.0;0.0;0.0;3.0;10.0;0.0;6.0;1.0;0.0;0.0;0.0;5.0;0.0;0.0;0.0;0.0;0.0;0.0;0.0;1.0;0.0;0.0;0.0;0.0;0.0;0.0;1.0;1.0;0.0;0.0;0.0;0.0;0.0;0.0;0.0;1.0;6.0;0.0;0.0;0.0;0.0;0.0;1.0;0.0;1.0;0.0;4.0;0.0;0.0;0.0;0.0;0.0;0.0;0.0;0.0;0.0;0.0;0.0;0.0;0.0;0.0;0.0;0.0
EU;2.0;1.0;0.0;1.0;7.0;0.0;6.0;2.0;0.0;2.0;0.0;1.0;21.0;2.0;0.0;7.0;2.0;7.0;0.0;5.0;2.0;1.0;428.0;0.0;2.0;6.0;1.0;0.0;2.0;2.0;0.0;2.0;0.0;0.0;0.0;0.0;0.0;2.0;0.0;0.0;0.0;428.0;10.0;0.0;2.0;0.0;2.0;1.0;0.0;0.0;0.0;2.0;1.0;0.0;0.0;0.0;0.0;0.0;0.0;0.0;0.0;0.0;0.0;2.0;10.0;2.0;3.0;0.0;0.0;0.0;0.0;0.0;0.0;0.0;0.0;0.0;2.0;0.0;0.0;0.0;3.0;0.0;0.0;0.0;0.0;0.0;0.0;0.0;5.0;7.0;10.0;0.0;0.0;0.0;0.0;0.0;0.0;0.0;11.0;0.0;0.0;3.0;2.0
FINLAND;22.0;2.0;2.0;71.0;57.0;95.0;165.0;19.0;132.0;1.0;46.0;61.0;1265.0;8.0;12.0;7.0;43.0;390.0;0.0;12.0;39.0;2.0;449.0;27.0;34.0;3.0;17.0;2.0;53.0;51.0;0.0;54.0;10.0;241.0;50.0;12.0;11.0;611.0;26.0;41.0;27.0;109.0;8.0;36.0;78.0;1.0;128.0;2.0;12.0;13.0;14.0;26.0;4.0;10.0;4.0;3.0;2.0;8.0;60.0;0.0;6.0;2.0;20.0;10.0;94.0;5.0;2.0;4.0;10.0;24.0;11.0;11.0;5.0;16.0;46.0;462.0;12.0;9.0;198.0;231.0;79.0;20.0;639.0;210.0;232.0;128.0;197.0;0.0;41.0;6.0;2.0;1.0;0.0;0.0;2.0;8.0;6.0;0.0;6.0;1.0;0.0;0.0;4.0
FRANCE;73.0;108.0;29.0;260.0;339.0;226.0;526.0;56.0;877.0;170.0;248.0;320.0;2879.0;59.0;96.0;366.0;132.0;1344.0;27.0;521.0;1485.0;443.0;4416.0;28.0;491.0;98.0;241.0;19.0;378.0;381.0;3.0;381.0;34.0;220.0;98.0;58.0;46.0;1161.0;43.0;31.0;30.0;767.0;120.0;124.0;430.0;92.0;597.0;838.0;2.0;24.0;34.0;460.0;12.0;25.0;106.0;3.0;4.0;6.0;4.0;34.0;2.0;8.0;21.0;49.0;452.0;22.0;55.0;61.0;12.0;78.0;55.0;20.0;12.0;23.0;51.0;410.0;132.0;235.0;597.0;296.0;161.0;13.0;666.0;731.0;380.0;179.0;126.0;0.0;119.0;52.0;139.0;0.0;30.0;1.0;3.0;19.0;15.0;18.0;72.0;0.0;2.0;4.0;54.0
GERMANY;49.0;40.0;35.0;304.0;235.0;124.0;485.0;15.0;563.0;125.0;251.0;181.0;2883.0;71.0;127.0;301.0;283.0;2271.0;21.0;291.0;731.0;176.0;3138.0;53.0;464.0;109.0;148.0;21.0;336.0;337.0;4.0;742.0;28.0;507.0;325.0;70.0;59.0;1647.0;86.0;113.0;95.0;1031.0;30.0;188.0;833.0;31.0;1243.0;79.0;22.0;85.0;61.0;399.0;5.0;33.0;133.0;14.0;12.0;71.0;14.0;21.0;0.0;25.0;9.0;92.0;961.0;4.0;29.0;53.0;17.0;184.0;68.0;57.0;6.0;8.0;110.0;555.0;23.0;88.0;423.0;549.0;162.0;208.0;994.0;480.0;494.0;215.0;195.0;0.0;319.0;25.0;33.0;0.0;5.0;0.0;1.0;24.0;41.0;5.0;50.0;2.0;1.0;1.0;45.0
GHANA;3.0;0.0;0.0;3.0;6.0;5.0;4.0;0.0;5.0;1.0;5.0;14.0;28.0;2.0;2.0;0.0;5.0;11.0;1.0;5.0;6.0;3.0;22.0;0.0;2.0;0.0;0.0;0.0;0.0;0.0;0.0;1.0;1.0;1.0;1.0;2.0;2.0;49.0;0.0;4.0;4.0;1.0;1.0;0.0;1.0;0.0;2.0;0.0;0.0;0.0;0.0;2.0;0.0;0.0;0.0;0.0;0.0;1.0;0.0;0.0;0.0;0.0;1.0;0.0;0.0;0.0;0.0;0.0;0.0;2.0;0.0;0.0;0.0;1.0;0.0;1.0;0.0;1.0;1.0;2.0;2.0;0.0;3.0;3.0;47.0;0.0;0.0;0.0;0.0;0.0;0.0;0.0;0.0;0.0;0.0;0.0;0.0;0.0;0.0;0.0;0.0;0.0;0.0
GREECE;13.0;5.0;1.0;22.0;53.0;27.0;119.0;1.0;385.0;19.0;26.0;44.0;662.0;14.0;17.0;23.0;33.0;201.0;3.0;65.0;29.0;33.0;735.0;38.0;14.0;8.0;12.0;14.0;20.0;20.0;0.0;20.0;1.0;376.0;198.0;20.0;19.0;704.0;30.0;40.0;38.0;43.0;12.0;7.0;47.0;8.0;75.0;7.0;2.0;1.0;16.0;1.0;1.0;9.0;1.0;2.0;0.0;3.0;6.0;0.0;1.0;13.0;1.0;1.0;24.0;6.0;0.0;0.0;3.0;23.0;4.0;1.0;1.0;17.0;127.0;68.0;1.0;13.0;32.0;173.0;160.0;0.0;227.0;41.0;275.0;167.0;268.0;0.0;11.0;2.0;0.0;0.0;3.0;0.0;0.0;4.0;0.0;0.0;0.0;0.0;0.0;0.0;1.0
GUATEMALA;4.0;0.0;0.0;0.0;4.0;4.0;8.0;1.0;2.0;4.0;2.0;6.0;31.0;0.0;4.0;17.0;4.0;19.0;1.0;17.0;20.0;39.0;69.0;0.0;10.0;0.0;2.0;0.0;2.0;2.0;0.0;1.0;0.0;1.0;1.0;1.0;1.0;12.0;3.0;6.0;6.0;1.0;1.0;2.0;3.0;1.0;3.0;0.0;0.0;0.0;0.0;10.0;0.0;0.0;0.0;0.0;0.0;0.0;0.0;0.0;0.0;0.0;2.0;0.0;0.0;1.0;0.0;0.0;0.0;0.0;0.0;0.0;0.0;0.0;0.0;1.0;7.0;9.0;1.0;0.0;1.0;1.0;1.0;9.0;1.0;0.0;0.0;0.0;0.0;0.0;0.0;0.0;0.0;0.0;0.0;0.0;0.0;0.0;0.0;0.0;0.0;0.0;0.0
GUYANA;1.0;0.0;0.0;0.0;0.0;3.0;0.0;0.0;42.0;0.0;3.0;6.0;9.0;0.0;0.0;6.0;1.0;1.0;0.0;9.0;1.0;18.0;69.0;0.0;0.0;0.0;0.0;0.0;0.0;0.0;0.0;0.0;0.0;0.0;0.0;0.0;0.0;0.0;0.0;0.0;0.0;0.0;0.0;0.0;0.0;0.0;0.0;0.0;0.0;0.0;0.0;0.0;7.0;0.0;0.0;0.0;0.0;0.0;0.0;0.0;0.0;0.0;0.0;0.0;0.0;0.0;0.0;0.0;0.0;0.0;0.0;0.0;0.0;0.0;0.0;0.0;0.0;0.0;0.0;0.0;0.0;0.0;0.0;0.0;0.0;0.0;0.0;0.0;0.0;0.0;0.0;0.0;0.0;0.0;0.0;0.0;0.0;0.0;0.0;0.0;0.0;0.0;0.0
HONDURAS;4.0;1.0;0.0;0.0;6.0;1.0;5.0;0.0;0.0;6.0;3.0;12.0;26.0;1.0;7.0;23.0;5.0;15.0;1.0;10.0;2.0;12.0;43.0;0.0;8.0;0.0;2.0;1.0;3.0;3.0;0.0;0.0;1.0;0.0;0.0;0.0;0.0;8.0;2.0;5.0;5.0;0.0;0.0;1.0;2.0;0.0;1.0;0.0;0.0;0.0;0.0;8.0;0.0;0.0;0.0;0.0;0.0;0.0;0.0;0.0;0.0;0.0;0.0;0.0;0.0;0.0;1.0;1.0;0.0;0.0;0.0;0.0;0.0;1.0;0.0;0.0;3.0;1.0;0.0;0.0;1.0;0.0;0.0;1.0;0.0;0.0;0.0;0.0;0.0;0.0;0.0;0.0;0.0;0.0;0.0;0.0;0.0;0.0;0.0;0.0;0.0;0.0;0.0
HONG KONG;47.0;38.0;4.0;130.0;135.0;41.0;151.0;8.0;27.0;97.0;141.0;120.0;2019.0;18.0;32.0;129.0;66.0;205.0;6.0;568.0;518.0;77.0;1068.0;240.0;107.0;33.0;12.0;9.0;23.0;23.0;4.0;12.0;42.0;36.0;25.0;42.0;38.0;608.0;26.0;6.0;7.0;6.0;3.0;29.0;40.0;23.0;46.0;15.0;0.0;2.0;22.0;24.0;0.0;4.0;3.0;3.0;1.0;2.0;6.0;0.0;0.0;2.0;56.0;0.0;5.0;93.0;2.0;17.0;3.0;300.0;2.0;1.0;46.0;215.0;280.0;294.0;9.0;3.0;213.0;359.0;637.0;3.0;640.0;267.0;424.0;67.0;13.0;0.0;2.0;0.0;0.0;0.0;1.0;0.0;0.0;0.0;80.0;2.0;0.0;0.0;0.0;0.0;0.0
HUNGARY;58.0;5.0;8.0;61.0;58.0;31.0;91.0;2.0;99.0;33.0;50.0;50.0;761.0;4.0;7.0;27.0;85.0;407.0;5.0;62.0;44.0;7.0;475.0;25.0;125.0;9.0;9.0;29.0;22.0;21.0;2.0;36.0;8.0;439.0;175.0;6.0;4.0;934.0;51.0;65.0;50.0;30.0;27.0;46.0;87.0;2.0;76.0;7.0;15.0;16.0;8.0;121.0;1.0;13.0;1.0;5.0;0.0;1.0;71.0;9.0;7.0;2.0;8.0;2.0;7.0;18.0;5.0;13.0;19.0;14.0;5.0;12.0;3.0;11.0;71.0;173.0;21.0;83.0;77.0;190.0;114.0;7.0;343.0;137.0;331.0;62.0;269.0;0.0;1.0;3.0;0.0;0.0;0.0;0.0;1.0;3.0;1.0;0.0;7.0;0.0;0.0;0.0;1.0
ICELAND;1.0;0.0;0.0;0.0;2.0;0.0;1.0;0.0;8.0;0.0;1.0;2.0;4.0;0.0;0.0;1.0;1.0;3.0;0.0;1.0;0.0;0.0;9.0;0.0;0.0;0.0;0.0;0.0;0.0;0.0;0.0;0.0;0.0;1.0;1.0;0.0;0.0;2.0;0.0;0.0;0.0;0.0;0.0;1.0;0.0;0.0;1.0;0.0;0.0;0.0;0.0;0.0;0.0;0.0;0.0;0.0;0.0;0.0;0.0;0.0;0.0;0.0;0.0;0.0;0.0;0.0;0.0;0.0;0.0;0.0;0.0;0.0;0.0;0.0;0.0;0.0;0.0;0.0;0.0;0.0;0.0;0.0;0.0;0.0;1.0;0.0;1.0;0.0;0.0;0.0;0.0;0.0;0.0;0.0;0.0;0.0;0.0;0.0;0.0;0.0;0.0;0.0;0.0
INDIA;100.0;25.0;5.0;165.0;419.0;57.0;540.0;7.0;93.0;46.0;183.0;266.0;2361.0;40.0;134.0;130.0;179.0;830.0;19.0;190.0;681.0;240.0;1477.0;6.0;1169.0;18.0;73.0;35.0;89.0;95.0;2.0;120.0;11.0;1966.0;502.0;9.0;7.0;4561.0;92.0;27.0;15.0;4.0;5.0;40.0;217.0;30.0;272.0;54.0;17.0;16.0;26.0;658.0;2.0;3.0;5.0;0.0;5.0;33.0;72.0;2.0;2.0;55.0;3.0;14.0;0.0;20.0;57.0;26.0;1.0;215.0;0.0;13.0;56.0;60.0;91.0;337.0;45.0;14.0;78.0;554.0;260.0;27.0;837.0;90.0;832.0;1033.0;1481.0;0.0;0.0;1.0;0.0;1.0;4.0;0.0;0.0;5.0;252.0;0.0;1.0;0.0;0.0;0.0;0.0
INDONESIA;39.0;5.0;0.0;43.0;112.0;29.0;83.0;0.0;16.0;23.0;48.0;155.0;733.0;16.0;47.0;67.0;59.0;210.0;6.0;80.0;306.0;182.0;617.0;27.0;452.0;16.0;13.0;8.0;16.0;17.0;0.0;3.0;3.0;422.0;270.0;6.0;4.0;1307.0;2.0;17.0;17.0;1.0;1.0;18.0;5.0;20.0;81.0;201.0;0.0;0.0;3.0;307.0;1.0;2.0;1.0;0.0;0.0;0.0;33.0;9.0;0.0;10.0;6.0;7.0;1.0;5.0;32.0;4.0;0.0;37.0;0.0;0.0;1.0;8.0;32.0;129.0;12.0;1.0;48.0;161.0;49.0;5.0;287.0;53.0;331.0;140.0;176.0;0.0;0.0;0.0;0.0;0.0;0.0;0.0;0.0;6.0;1.0;0.0;0.0;0.0;0.0;0.0;0.0
IRAN;11.0;5.0;0.0;3.0;34.0;14.0;29.0;0.0;0.0;7.0;29.0;19.0;68.0;33.0;41.0;28.0;25.0;40.0;16.0;84.0;167.0;24.0;291.0;0.0;20.0;0.0;0.0;4.0;0.0;0.0;0.0;2.0;2.0;0.0;1.0;2.0;1.0;21.0;2.0;2.0;2.0;9.0;9.0;0.0;4.0;5.0;9.0;69.0;0.0;1.0;2.0;2.0;1.0;0.0;0.0;0.0;0.0;0.0;1.0;0.0;0.0;17.0;0.0;0.0;0.0;0.0;5.0;2.0;0.0;0.0;0.0;0.0;0.0;0.0;0.0;1.0;6.0;0.0;2.0;0.0;0.0;0.0;1.0;2.0;0.0;1.0;0.0;0.0;0.0;0.0;0.0;0.0;0.0;0.0;0.0;0.0;1.0;0.0;0.0;0.0;0.0;0.0;0.0
IRAQ;66.0;2.0;2.0;2.0;14.0;16.0;32.0;4.0;4.0;27.0;8.0;17.0;58.0;0.0;0.0;1.0;87.0;86.0;19.0;181.0;14.0;57.0;337.0;0.0;8.0;0.0;0.0;1.0;0.0;0.0;0.0;0.0;0.0;1.0;1.0;0.0;0.0;9.0;0.0;0.0;0.0;3.0;3.0;0.0;0.0;6.0;0.0;0.0;0.0;0.0;0.0;2.0;1.0;0.0;1.0;0.0;0.0;0.0;0.0;0.0;0.0;6.0;0.0;0.0;0.0;0.0;7.0;0.0;0.0;0.0;0.0;0.0;0.0;0.0;0.0;0.0;19.0;0.0;0.0;0.0;1.0;0.0;0.0;0.0;0.0;0.0;0.0;0.0;0.0;0.0;0.0;0.0;0.0;0.0;0.0;1.0;0.0;0.0;0.0;0.0;0.0;0.0;0.0
ISRAEL;37.0;10.0;0.0;27.0;48.0;36.0;31.0;6.0;30.0;40.0;19.0;38.0;451.0;8.0;25.0;204.0;61.0;295.0;24.0;365.0;688.0;590.0;1435.0;3.0;18.0;8.0;37.0;12.0;43.0;43.0;2.0;60.0;11.0;119.0;106.0;14.0;13.0;340.0;10.0;24.0;26.0;16.0;16.0;23.0;71.0;10.0;83.0;20.0;0.0;7.0;10.0;16.0;2.0;0.0;0.0;1.0;0.0;5.0;20.0;6.0;0.0;1.0;1.0;10.0;0.0;3.0;4.0;0.0;4.0;5.0;2.0;7.0;0.0;11.0;35.0;85.0;11.0;37.0;40.0;87.0;50.0;6.0;168.0;72.0;127.0;91.0;16.0;0.0;0.0;0.0;0.0;1.0;2.0;0.0;1.0;7.0;0.0;0.0;0.0;0.0;0.0;0.0;0.0
ITALY;16.0;23.0;74.0;123.0;94.0;37.0;186.0;8.0;664.0;79.0;59.0;87.0;1011.0;16.0;62.0;229.0;67.0;719.0;36.0;214.0;372.0;154.0;1807.0;52.0;34.0;29.0;51.0;5.0;97.0;99.0;1.0;195.0;26.0;188.0;32.0;42.0;33.0;557.0;64.0;127.0;114.0;187.0;7.0;68.0;266.0;58.0;256.0;86.0;15.0;18.0;6.0;18.0;6.0;8.0;4.0;6.0;4.0;8.0;0.0;1.0;1.0;13.0;1.0;21.0;169.0;4.0;8.0;10.0;11.0;60.0;8.0;17.0;6.0;9.0;72.0;132.0;3.0;97.0;176.0;128.0;110.0;17.0;245.0;247.0;140.0;253.0;159.0;0.0;58.0;4.0;1.0;0.0;22.0;0.0;0.0;3.0;3.0;33.0;9.0;0.0;0.0;0.0;10.0
JAMAICA;12.0;2.0;0.0;4.0;2.0;0.0;2.0;0.0;6.0;0.0;1.0;1.0;13.0;1.0;2.0;8.0;13.0;18.0;0.0;8.0;3.0;0.0;31.0;0.0;0.0;1.0;2.0;1.0;2.0;2.0;1.0;0.0;1.0;0.0;0.0;1.0;0.0;1.0;1.0;1.0;1.0;1.0;1.0;1.0;1.0;2.0;0.0;0.0;0.0;0.0;0.0;0.0;0.0;0.0;0.0;0.0;0.0;0.0;0.0;0.0;0.0;0.0;0.0;0.0;0.0;0.0;0.0;0.0;0.0;0.0;0.0;0.0;0.0;0.0;2.0;0.0;2.0;0.0;4.0;0.0;2.0;0.0;0.0;4.0;0.0;1.0;0.0;0.0;0.0;0.0;0.0;0.0;0.0;0.0;0.0;0.0;0.0;0.0;0.0;0.0;0.0;0.0;0.0
JAPAN;170.0;12.0;3.0;438.0;540.0;152.0;593.0;20.0;153.0;67.0;304.0;359.0;13638.0;111.0;121.0;413.0;353.0;1118.0;6.0;286.0;135.0;81.0;1296.0;58.0;974.0;340.0;32.0;75.0;43.0;43.0;3.0;55.0;18.0;851.0;628.0;108.0;87.0;2885.0;119.0;33.0;18.0;19.0;5.0;150.0;175.0;16.0;489.0;7.0;12.0;37.0;109.0;321.0;9.0;16.0;1.0;22.0;70.0;26.0;9.0;0.0;0.0;243.0;21.0;23.0;14.0;34.0;136.0;23.0;33.0;3855.0;3.0;32.0;153.0;312.0;209.0;6586.0;90.0;14.0;308.0;4230.0;768.0;18.0;10766.0;333.0;623.0;549.0;259.0;2.0;3.0;1.0;0.0;0.0;1.0;1.0;3.0;54.0;411.0;1.0;0.0;0.0;0.0;1.0;0.0
JORDAN;20.0;0.0;2.0;10.0;15.0;2.0;9.0;0.0;3.0;8.0;7.0;14.0;81.0;1.0;3.0;30.0;41.0;63.0;1.0;83.0;48.0;40.0;275.0;0.0;10.0;1.0;3.0;5.0;5.0;6.0;0.0;0.0;1.0;94.0;19.0;1.0;1.0;200.0;5.0;0.0;0.0;4.0;4.0;0.0;5.0;3.0;17.0;11.0;0.0;0.0;2.0;10.0;0.0;0.0;0.0;0.0;2.0;6.0;2.0;0.0;0.0;0.0;1.0;0.0;0.0;0.0;0.0;0.0;0.0;7.0;0.0;0.0;0.0;4.0;12.0;3.0;1.0;4.0;3.0;11.0;17.0;4.0;14.0;8.0;94.0;3.0;91.0;0.0;0.0;0.0;0.0;0.0;0.0;0.0;0.0;0.0;0.0;0.0;0.0;0.0;0.0;0.0;0.0
KAZAKHSTAN;9.0;0.0;4.0;5.0;15.0;17.0;9.0;1.0;1.0;5.0;34.0;36.0;102.0;2.0;3.0;10.0;16.0;73.0;0.0;25.0;9.0;17.0;64.0;0.0;18.0;1.0;2.0;0.0;5.0;5.0;0.0;2.0;1.0;147.0;80.0;1.0;1.0;172.0;14.0;8.0;8.0;0.0;0.0;8.0;16.0;0.0;19.0;0.0;0.0;8.0;0.0;6.0;8.0;0.0;0.0;0.0;0.0;0.0;0.0;0.0;0.0;8.0;0.0;0.0;0.0;0.0;4.0;0.0;0.0;0.0;2.0;8.0;0.0;3.0;0.0;1.0;8.0;20.0;11.0;0.0;4.0;3.0;1.0;21.0;3.0;5.0;67.0;0.0;0.0;0.0;0.0;0.0;0.0;0.0;0.0;0.0;4.0;0.0;0.0;0.0;0.0;0.0;0.0
KENYA;5.0;0.0;0.0;0.0;13.0;2.0;10.0;1.0;15.0;1.0;31.0;26.0;83.0;7.0;8.0;47.0;28.0;97.0;4.0;66.0;146.0;200.0;422.0;4.0;59.0;1.0;22.0;2.0;28.0;28.0;4.0;14.0;0.0;126.0;106.0;2.0;2.0;250.0;13.0;4.0;4.0;3.0;2.0;10.0;27.0;1.0;30.0;25.0;0.0;1.0;1.0;59.0;0.0;0.0;0.0;0.0;0.0;0.0;0.0;0.0;0.0;0.0;0.0;0.0;0.0;0.0;2.0;1.0;0.0;2.0;0.0;0.0;0.0;0.0;8.0;3.0;2.0;1.0;3.0;2.0;9.0;0.0;5.0;3.0;65.0;6.0;21.0;0.0;1.0;0.0;0.0;0.0;0.0;0.0;0.0;0.0;0.0;0.0;0.0;0.0;0.0;0.0;0.0
KUWAIT;16.0;3.0;1.0;13.0;25.0;20.0;22.0;6.0;3.0;27.0;14.0;27.0;151.0;0.0;1.0;24.0;20.0;69.0;7.0;49.0;33.0;23.0;216.0;6.0;5.0;4.0;9.0;2.0;11.0;11.0;0.0;13.0;1.0;6.0;0.0;1.0;1.0;45.0;3.0;0.0;0.0;0.0;0.0;2.0;16.0;7.0;20.0;1.0;0.0;0.0;1.0;0.0;0.0;1.0;0.0;0.0;0.0;9.0;3.0;13.0;0.0;5.0;0.0;0.0;0.0;2.0;2.0;0.0;1.0;13.0;0.0;0.0;2.0;2.0;2.0;4.0;3.0;9.0;6.0;26.0;10.0;1.0;30.0;15.0;34.0;2.0;6.0;0.0;0.0;0.0;0.0;1.0;1.0;0.0;0.0;0.0;0.0;1.0;0.0;0.0;0.0;0.0;0.0
KYRGYZSTAN;4.0;0.0;0.0;1.0;1.0;1.0;2.0;0.0;2.0;0.0;6.0;2.0;10.0;0.0;1.0;0.0;4.0;16.0;0.0;5.0;5.0;4.0;15.0;0.0;2.0;0.0;0.0;0.0;3.0;3.0;0.0;0.0;0.0;0.0;0.0;0.0;0.0;2.0;1.0;2.0;2.0;0.0;0.0;3.0;1.0;0.0;0.0;0.0;0.0;3.0;1.0;1.0;0.0;0.0;0.0;0.0;0.0;0.0;0.0;0.0;0.0;0.0;0.0;0.0;0.0;0.0;1.0;0.0;0.0;0.0;3.0;3.0;0.0;0.0;0.0;0.0;1.0;0.0;0.0;0.0;0.0;0.0;0.0;0.0;0.0;0.0;0.0;0.0;0.0;0.0;0.0;0.0;0.0;0.0;0.0;0.0;1.0;0.0;0.0;0.0;0.0;0.0;0.0
LAOS;2.0;0.0;0.0;1.0;2.0;0.0;0.0;0.0;0.0;0.0;1.0;2.0;3.0;1.0;1.0;0.0;2.0;3.0;0.0;1.0;0.0;2.0;3.0;0.0;0.0;0.0;0.0;0.0;0.0;0.0;0.0;0.0;0.0;0.0;0.0;0.0;0.0;0.0;0.0;0.0;0.0;0.0;0.0;0.0;0.0;0.0;1.0;0.0;0.0;0.0;0.0;0.0;0.0;0.0;0.0;0.0;0.0;0.0;0.0;0.0;0.0;0.0;0.0;0.0;0.0;0.0;0.0;0.0;0.0;0.0;0.0;0.0;0.0;0.0;0.0;0.0;0.0;0.0;0.0;0.0;0.0;0.0;0.0;0.0;0.0;0.0;0.0;0.0;0.0;0.0;0.0;0.0;0.0;0.0;0.0;0.0;0.0;0.0;0.0;0.0;0.0;0.0;0.0
LATVIA;20.0;0.0;1.0;34.0;72.0;16.0;34.0;0.0;27.0;5.0;28.0;32.0;510.0;2.0;5.0;6.0;32.0;243.0;0.0;18.0;66.0;2.0;280.0;34.0;6.0;2.0;1.0;4.0;7.0;7.0;0.0;41.0;0.0;171.0;91.0;10.0;9.0;434.0;29.0;17.0;13.0;12.0;12.0;16.0;71.0;1.0;50.0;3.0;4.0;3.0;14.0;0.0;0.0;3.0;3.0;0.0;2.0;1.0;68.0;0.0;0.0;5.0;1.0;3.0;2.0;5.0;0.0;0.0;0.0;26.0;3.0;3.0;15.0;11.0;61.0;55.0;5.0;63.0;26.0;129.0;94.0;6.0;177.0;82.0;246.0;15.0;83.0;0.0;0.0;0.0;0.0;0.0;0.0;0.0;0.0;0.0;1.0;0.0;0.0;0.0;0.0;0.0;0.0
LEBANON;14.0;4.0;2.0;6.0;14.0;5.0;11.0;0.0;14.0;5.0;6.0;8.0;131.0;2.0;6.0;47.0;32.0;117.0;19.0;76.0;53.0;189.0;398.0;6.0;0.0;3.0;9.0;6.0;19.0;19.0;3.0;9.0;2.0;114.0;20.0;0.0;0.0;224.0;20.0;3.0;3.0;0.0;0.0;15.0;30.0;4.0;20.0;10.0;0.0;0.0;2.0;0.0;0.0;0.0;0.0;0.0;0.0;6.0;0.0;0.0;0.0;0.0;0.0;0.0;0.0;2.0;3.0;1.0;0.0;14.0;0.0;0.0;1.0;4.0;10.0;28.0;0.0;1.0;7.0;34.0;18.0;9.0;61.0;10.0;100.0;18.0;96.0;0.0;0.0;0.0;0.0;0.0;0.0;0.0;1.0;0.0;0.0;0.0;0.0;0.0;0.0;0.0;0.0
LIBYA;3.0;0.0;0.0;0.0;0.0;0.0;0.0;0.0;0.0;0.0;0.0;0.0;0.0;0.0;0.0;0.0;3.0;3.0;0.0;8.0;4.0;2.0;10.0;0.0;0.0;0.0;0.0;0.0;0.0;0.0;0.0;0.0;0.0;0.0;0.0;0.0;0.0;0.0;0.0;0.0;0.0;0.0;0.0;0.0;0.0;1.0;0.0;0.0;0.0;0.0;0.0;0.0;0.0;0.0;0.0;0.0;0.0;0.0;0.0;0.0;0.0;0.0;0.0;0.0;0.0;0.0;0.0;0.0;0.0;0.0;0.0;0.0;0.0;0.0;0.0;0.0;0.0;0.0;0.0;0.0;0.0;0.0;0.0;0.0;0.0;0.0;0.0;0.0;0.0;0.0;0.0;0.0;0.0;0.0;0.0;0.0;0.0;0.0;0.0;0.0;0.0;0.0;0.0
LITHUANIA;16.0;2.0;0.0;21.0;57.0;27.0;67.0;0.0;21.0;3.0;20.0;28.0;492.0;3.0;1.0;9.0;42.0;220.0;0.0;22.0;21.0;5.0;260.0;26.0;3.0;0.0;0.0;7.0;13.0;12.0;0.0;22.0;1.0;166.0;84.0;7.0;5.0;374.0;20.0;15.0;10.0;13.0;14.0;10.0;45.0;1.0;39.0;5.0;5.0;2.0;4.0;1.0;0.0;5.0;0.0;1.0;4.0;6.0;63.0;0.0;3.0;2.0;1.0;0.0;0.0;14.0;4.0;0.0;5.0;6.0;7.0;1.0;9.0;4.0;69.0;29.0;4.0;63.0;49.0;137.0;102.0;13.0;160.0;103.0;204.0;7.0;81.0;0.0;0.0;0.0;0.0;0.0;1.0;0.0;0.0;0.0;0.0;0.0;2.0;0.0;0.0;0.0;0.0
LUXEMBOURG;23.0;5.0;3.0;9.0;90.0;4.0;34.0;5.0;5.0;7.0;10.0;12.0;163.0;9.0;7.0;71.0;26.0;70.0;0.0;50.0;18.0;12.0;272.0;2.0;19.0;36.0;6.0;0.0;18.0;18.0;0.0;8.0;0.0;3.0;3.0;2.0;2.0;25.0;2.0;3.0;3.0;253.0;72.0;1.0;12.0;0.0;17.0;8.0;0.0;0.0;2.0;13.0;0.0;1.0;0.0;0.0;0.0;0.0;0.0;0.0;1.0;0.0;0.0;18.0;46.0;1.0;8.0;0.0;0.0;3.0;1.0;0.0;0.0;0.0;2.0;7.0;3.0;3.0;9.0;8.0;20.0;0.0;14.0;9.0;0.0;3.0;0.0;0.0;31.0;51.0;70.0;0.0;0.0;0.0;0.0;2.0;8.0;0.0;44.0;0.0;0.0;4.0;19.0
MACAU;1.0;0.0;0.0;1.0;2.0;0.0;0.0;0.0;0.0;1.0;0.0;2.0;8.0;0.0;0.0;26.0;4.0;10.0;0.0;13.0;7.0;4.0;39.0;0.0;0.0;2.0;0.0;2.0;0.0;0.0;2.0;1.0;1.0;0.0;0.0;1.0;1.0;0.0;0.0;4.0;4.0;0.0;0.0;0.0;1.0;1.0;0.0;0.0;0.0;0.0;1.0;0.0;0.0;0.0;0.0;0.0;0.0;0.0;0.0;0.0;0.0;0.0;0.0;1.0;0.0;0.0;0.0;1.0;0.0;1.0;0.0;0.0;0.0;0.0;0.0;0.0;0.0;0.0;0.0;1.0;0.0;0.0;1.0;0.0;0.0;0.0;0.0;0.0;0.0;0.0;0.0;0.0;1.0;0.0;0.0;0.0;0.0;0.0;0.0;0.0;0.0;0.0;0.0
MACEDONIA;1.0;0.0;0.0;0.0;0.0;0.0;0.0;0.0;6.0;1.0;0.0;0.0;1.0;0.0;0.0;3.0;2.0;3.0;0.0;2.0;6.0;5.0;100.0;0.0;0.0;1.0;0.0;0.0;0.0;0.0;0.0;0.0;0.0;54.0;54.0;0.0;0.0;71.0;1.0;0.0;0.0;1.0;1.0;0.0;1.0;0.0;1.0;0.0;0.0;0.0;0.0;0.0;0.0;0.0;0.0;0.0;0.0;0.0;0.0;0.0;0.0;0.0;0.0;0.0;0.0;0.0;0.0;0.0;0.0;0.0;0.0;0.0;0.0;0.0;0.0;0.0;0.0;0.0;0.0;0.0;0.0;0.0;0.0;0.0;17.0;0.0;0.0;0.0;0.0;0.0;0.0;0.0;0.0;0.0;0.0;0.0;0.0;0.0;0.0;0.0;0.0;0.0;0.0
MADAGASCAR;1.0;0.0;0.0;0.0;0.0;0.0;1.0;0.0;1.0;0.0;0.0;0.0;1.0;0.0;0.0;0.0;1.0;2.0;0.0;2.0;0.0;0.0;3.0;0.0;0.0;0.0;0.0;0.0;0.0;0.0;0.0;0.0;0.0;0.0;0.0;0.0;0.0;0.0;0.0;1.0;1.0;1.0;1.0;1.0;0.0;0.0;0.0;0.0;0.0;0.0;0.0;0.0;0.0;0.0;0.0;0.0;0.0;0.0;0.0;0.0;0.0;0.0;0.0;0.0;0.0;0.0;0.0;0.0;0.0;0.0;0.0;0.0;0.0;0.0;0.0;0.0;1.0;0.0;0.0;0.0;0.0;0.0;0.0;0.0;0.0;0.0;0.0;0.0;0.0;0.0;0.0;0.0;0.0;0.0;0.0;0.0;0.0;0.0;0.0;0.0;0.0;0.0;0.0
MALAWI;1.0;0.0;0.0;2.0;1.0;1.0;1.0;2.0;3.0;0.0;3.0;4.0;18.0;0.0;0.0;6.0;5.0;18.0;0.0;4.0;12.0;2.0;83.0;0.0;0.0;1.0;10.0;0.0;11.0;11.0;0.0;0.0;0.0;9.0;1.0;0.0;0.0;9.0;0.0;0.0;0.0;1.0;1.0;0.0;0.0;0.0;1.0;0.0;0.0;1.0;0.0;0.0;0.0;0.0;0.0;0.0;0.0;0.0;2.0;0.0;0.0;0.0;0.0;0.0;0.0;0.0;1.0;0.0;0.0;0.0;0.0;0.0;0.0;0.0;0.0;0.0;0.0;0.0;0.0;0.0;0.0;1.0;0.0;0.0;0.0;0.0;8.0;0.0;0.0;0.0;0.0;0.0;0.0;0.0;0.0;0.0;0.0;0.0;0.0;0.0;0.0;0.0;0.0
MALAYSIA;63.0;2.0;1.0;93.0;109.0;42.0;74.0;9.0;57.0;8.0;65.0;80.0;845.0;9.0;7.0;33.0;96.0;206.0;1.0;130.0;67.0;33.0;356.0;103.0;526.0;3.0;1.0;10.0;3.0;3.0;1.0;7.0;3.0;386.0;219.0;7.0;5.0;1168.0;4.0;7.0;7.0;4.0;5.0;20.0;11.0;2.0;77.0;5.0;0.0;7.0;9.0;428.0;1.0;0.0;0.0;0.0;1.0;7.0;1.0;0.0;0.0;2.0;29.0;1.0;0.0;3.0;11.0;0.0;1.0;86.0;0.0;6.0;13.0;9.0;90.0;151.0;22.0;6.0;138.0;140.0;123.0;10.0;288.0;163.0;256.0;3.0;169.0;0.0;0.0;0.0;0.0;0.0;0.0;0.0;0.0;3.0;95.0;0.0;1.0;0.0;0.0;0.0;0.0
MALDIVES;12.0;0.0;0.0;0.0;1.0;0.0;0.0;0.0;0.0;1.0;0.0;1.0;1.0;1.0;0.0;2.0;16.0;18.0;0.0;42.0;0.0;0.0;43.0;0.0;0.0;0.0;0.0;0.0;0.0;0.0;1.0;0.0;0.0;0.0;0.0;0.0;0.0;0.0;0.0;0.0;0.0;0.0;0.0;1.0;0.0;0.0;3.0;0.0;0.0;0.0;0.0;0.0;0.0;0.0;0.0;0.0;0.0;0.0;0.0;0.0;0.0;0.0;0.0;0.0;0.0;0.0;0.0;0.0;0.0;0.0;0.0;0.0;0.0;0.0;0.0;0.0;0.0;0.0;0.0;0.0;0.0;0.0;0.0;0.0;0.0;0.0;0.0;0.0;0.0;0.0;0.0;0.0;0.0;0.0;0.0;0.0;0.0;0.0;0.0;0.0;0.0;0.0;0.0
MALTA;13.0;0.0;0.0;0.0;4.0;2.0;4.0;1.0;5.0;1.0;1.0;3.0;26.0;1.0;1.0;4.0;14.0;31.0;0.0;34.0;14.0;2.0;121.0;1.0;0.0;1.0;2.0;1.0;3.0;3.0;2.0;4.0;0.0;7.0;0.0;1.0;0.0;22.0;5.0;1.0;1.0;29.0;29.0;6.0;9.0;0.0;3.0;0.0;0.0;1.0;0.0;0.0;0.0;0.0;0.0;0.0;1.0;0.0;0.0;0.0;0.0;0.0;1.0;0.0;2.0;0.0;0.0;0.0;0.0;5.0;1.0;0.0;0.0;0.0;1.0;1.0;0.0;0.0;1.0;12.0;1.0;0.0;13.0;2.0;14.0;1.0;7.0;0.0;0.0;0.0;0.0;0.0;0.0;0.0;0.0;0.0;0.0;0.0;0.0;0.0;0.0;0.0;0.0
MAURITIUS;8.0;0.0;0.0;6.0;8.0;3.0;10.0;0.0;1.0;0.0;9.0;11.0;37.0;0.0;0.0;2.0;12.0;22.0;0.0;0.0;12.0;0.0;24.0;0.0;12.0;0.0;0.0;1.0;1.0;1.0;2.0;5.0;0.0;81.0;64.0;0.0;0.0;140.0;1.0;1.0;1.0;2.0;2.0;4.0;6.0;1.0;7.0;1.0;0.0;0.0;0.0;11.0;0.0;0.0;0.0;0.0;0.0;0.0;0.0;0.0;0.0;0.0;0.0;2.0;0.0;0.0;0.0;0.0;0.0;1.0;0.0;0.0;0.0;1.0;1.0;0.0;6.0;3.0;2.0;1.0;2.0;0.0;1.0;4.0;47.0;0.0;17.0;0.0;0.0;0.0;0.0;0.0;0.0;0.0;0.0;0.0;1.0;0.0;0.0;0.0;0.0;0.0;0.0
MEXICO;70.0;8.0;17.0;94.0;112.0;50.0;213.0;2.0;13.0;14.0;123.0;228.0;1334.0;37.0;56.0;179.0;105.0;378.0;4.0;98.0;292.0;88.0;707.0;18.0;270.0;13.0;29.0;12.0;64.0;63.0;2.0;44.0;9.0;674.0;178.0;40.0;28.0;1288.0;33.0;21.0;21.0;7.0;8.0;49.0;77.0;54.0;72.0;160.0;0.0;12.0;6.0;212.0;3.0;5.0;5.0;9.0;1.0;9.0;2.0;0.0;0.0;21.0;11.0;13.0;0.0;25.0;48.0;36.0;9.0;2.0;5.0;11.0;2.0;38.0;60.0;210.0;55.0;31.0;76.0;276.0;147.0;20.0;479.0;110.0;325.0;67.0;508.0;0.0;0.0;1.0;0.0;0.0;28.0;0.0;0.0;1.0;10.0;0.0;0.0;0.0;0.0;0.0;0.0
MOLDOVA;4.0;0.0;0.0;0.0;0.0;0.0;0.0;0.0;3.0;0.0;2.0;0.0;4.0;0.0;0.0;2.0;5.0;15.0;0.0;4.0;9.0;3.0;15.0;0.0;2.0;0.0;0.0;0.0;0.0;0.0;0.0;0.0;1.0;30.0;13.0;0.0;0.0;32.0;3.0;2.0;2.0;0.0;0.0;1.0;4.0;0.0;3.0;0.0;0.0;3.0;0.0;2.0;0.0;0.0;0.0;0.0;0.0;0.0;0.0;0.0;0.0;0.0;0.0;0.0;0.0;0.0;0.0;0.0;0.0;0.0;0.0;3.0;0.0;0.0;0.0;0.0;0.0;1.0;0.0;0.0;1.0;0.0;0.0;1.0;0.0;0.0;17.0;0.0;0.0;0.0;0.0;0.0;0.0;0.0;0.0;0.0;0.0;0.0;0.0;0.0;0.0;0.0;0.0
MONGOLIA;6.0;1.0;0.0;0.0;2.0;0.0;2.0;0.0;0.0;0.0;9.0;4.0;19.0;0.0;4.0;0.0;10.0;26.0;0.0;0.0;13.0;0.0;21.0;0.0;6.0;0.0;0.0;0.0;4.0;3.0;0.0;2.0;0.0;9.0;9.0;0.0;0.0;15.0;0.0;3.0;3.0;0.0;0.0;1.0;2.0;0.0;7.0;10.0;0.0;4.0;0.0;0.0;0.0;0.0;0.0;0.0;0.0;2.0;0.0;0.0;0.0;1.0;0.0;0.0;0.0;0.0;1.0;0.0;0.0;0.0;2.0;4.0;0.0;0.0;0.0;0.0;0.0;4.0;0.0;0.0;0.0;2.0;0.0;4.0;0.0;0.0;0.0;0.0;0.0;0.0;0.0;0.0;0.0;0.0;0.0;0.0;5.0;0.0;0.0;0.0;0.0;0.0;0.0
MOROCCO;12.0;0.0;2.0;12.0;10.0;5.0;20.0;6.0;17.0;0.0;14.0;22.0;159.0;1.0;7.0;36.0;23.0;89.0;5.0;36.0;65.0;20.0;287.0;9.0;15.0;1.0;13.0;5.0;16.0;16.0;4.0;7.0;3.0;40.0;1.0;2.0;2.0;128.0;14.0;9.0;6.0;2.0;2.0;12.0;23.0;11.0;10.0;25.0;3.0;0.0;5.0;9.0;2.0;0.0;0.0;0.0;0.0;4.0;6.0;0.0;0.0;4.0;2.0;0.0;0.0;4.0;7.0;1.0;1.0;29.0;1.0;0.0;0.0;5.0;10.0;9.0;1.0;15.0;18.0;30.0;21.0;0.0;38.0;31.0;69.0;7.0;37.0;0.0;0.0;0.0;0.0;0.0;1.0;0.0;0.0;1.0;0.0;0.0;0.0;0.0;0.0;0.0;0.0
MOZAMBIQUE;2.0;0.0;0.0;3.0;2.0;4.0;1.0;1.0;7.0;2.0;3.0;11.0;17.0;4.0;3.0;5.0;5.0;9.0;0.0;4.0;11.0;4.0;87.0;0.0;0.0;0.0;2.0;0.0;2.0;2.0;0.0;1.0;0.0;0.0;0.0;0.0;0.0;1.0;2.0;0.0;0.0;0.0;0.0;1.0;3.0;0.0;2.0;2.0;0.0;0.0;1.0;0.0;0.0;0.0;0.0;0.0;0.0;0.0;0.0;0.0;0.0;0.0;0.0;0.0;0.0;0.0;0.0;1.0;0.0;0.0;0.0;0.0;0.0;0.0;0.0;0.0;0.0;1.0;0.0;0.0;0.0;0.0;0.0;1.0;1.0;0.0;0.0;0.0;0.0;0.0;0.0;0.0;0.0;0.0;0.0;0.0;0.0;0.0;0.0;0.0;0.0;0.0;0.0
NAMIBIA;1.0;0.0;0.0;1.0;11.0;2.0;3.0;0.0;5.0;0.0;2.0;12.0;22.0;4.0;1.0;1.0;5.0;17.0;0.0;5.0;7.0;1.0;95.0;0.0;0.0;0.0;2.0;3.0;2.0;2.0;0.0;0.0;0.0;4.0;4.0;0.0;0.0;19.0;1.0;0.0;0.0;1.0;1.0;5.0;2.0;0.0;8.0;0.0;0.0;0.0;0.0;0.0;0.0;0.0;0.0;0.0;0.0;0.0;0.0;0.0;0.0;0.0;0.0;2.0;0.0;0.0;0.0;1.0;0.0;0.0;0.0;0.0;0.0;0.0;0.0;1.0;0.0;0.0;1.0;0.0;1.0;0.0;1.0;1.0;15.0;2.0;0.0;0.0;0.0;0.0;0.0;0.0;0.0;0.0;0.0;0.0;0.0;0.0;0.0;0.0;0.0;0.0;0.0
NEPAL;10.0;0.0;1.0;1.0;8.0;2.0;10.0;3.0;0.0;0.0;2.0;1.0;21.0;6.0;10.0;5.0;14.0;28.0;2.0;14.0;22.0;12.0;67.0;0.0;1.0;0.0;4.0;1.0;6.0;6.0;1.0;6.0;2.0;12.0;12.0;0.0;0.0;13.0;0.0;0.0;0.0;0.0;0.0;2.0;6.0;0.0;2.0;12.0;0.0;0.0;0.0;0.0;0.0;0.0;0.0;0.0;0.0;0.0;0.0;0.0;1.0;1.0;1.0;0.0;0.0;0.0;1.0;0.0;1.0;0.0;0.0;0.0;0.0;0.0;0.0;0.0;1.0;3.0;1.0;0.0;0.0;0.0;0.0;3.0;0.0;0.0;1.0;0.0;0.0;0.0;0.0;0.0;0.0;0.0;0.0;0.0;0.0;0.0;0.0;0.0;0.0;0.0;0.0
NETHERLANDS;38.0;12.0;1.0;177.0;101.0;69.0;164.0;13.0;205.0;12.0;116.0;117.0;1628.0;25.0;6.0;83.0;53.0;385.0;1.0;124.0;58.0;67.0;865.0;43.0;374.0;20.0;43.0;4.0;117.0;128.0;0.0;56.0;9.0;164.0;26.0;14.0;13.0;882.0;17.0;20.0;18.0;349.0;82.0;29.0;74.0;6.0;156.0;13.0;4.0;18.0;23.0;179.0;2.0;6.0;11.0;10.0;16.0;1.0;17.0;1.0;0.0;189.0;13.0;7.0;185.0;3.0;5.0;5.0;11.0;91.0;22.0;13.0;0.0;10.0;108.0;374.0;9.0;8.0;309.0;481.0;130.0;7.0;733.0;303.0;237.0;139.0;145.0;0.0;68.0;27.0;16.0;0.0;0.0;0.0;0.0;12.0;7.0;0.0;100.0;2.0;1.0;3.0;6.0
NEW ZEALAND;45.0;5.0;49.0;70.0;96.0;24.0;168.0;4.0;211.0;3.0;35.0;74.0;995.0;23.0;13.0;42.0;65.0;457.0;1.0;45.0;154.0;13.0;660.0;17.0;36.0;24.0;21.0;24.0;55.0;52.0;5.0;94.0;12.0;244.0;148.0;31.0;28.0;444.0;20.0;55.0;50.0;1.0;0.0;68.0;116.0;4.0;123.0;10.0;3.0;1.0;11.0;28.0;6.0;4.0;2.0;21.0;2.0;12.0;13.0;0.0;6.0;4.0;31.0;21.0;1.0;2.0;10.0;10.0;30.0;67.0;20.0;0.0;24.0;16.0;96.0;193.0;15.0;15.0;190.0;162.0;139.0;0.0;329.0;233.0;115.0;111.0;100.0;0.0;0.0;0.0;0.0;0.0;2.0;0.0;3.0;5.0;1.0;0.0;0.0;0.0;0.0;0.0;0.0
NICARAGUA;1.0;0.0;1.0;2.0;5.0;0.0;0.0;1.0;0.0;0.0;2.0;3.0;16.0;2.0;3.0;4.0;1.0;25.0;0.0;7.0;24.0;19.0;47.0;0.0;1.0;1.0;5.0;0.0;13.0;13.0;0.0;2.0;0.0;2.0;2.0;0.0;0.0;3.0;0.0;4.0;4.0;0.0;0.0;2.0;2.0;1.0;7.0;0.0;0.0;0.0;0.0;1.0;1.0;0.0;0.0;0.0;0.0;0.0;0.0;0.0;0.0;0.0;0.0;0.0;0.0;0.0;0.0;1.0;0.0;0.0;1.0;0.0;0.0;1.0;0.0;0.0;0.0;3.0;1.0;0.0;1.0;0.0;0.0;3.0;0.0;0.0;0.0;0.0;0.0;0.0;0.0;0.0;0.0;0.0;0.0;0.0;0.0;0.0;0.0;0.0;0.0;0.0;0.0
NIGERIA;3.0;16.0;0.0;20.0;38.0;9.0;35.0;2.0;7.0;4.0;65.0;92.0;246.0;8.0;11.0;34.0;7.0;57.0;4.0;40.0;56.0;93.0;334.0;2.0;15.0;5.0;9.0;0.0;13.0;13.0;0.0;7.0;2.0;40.0;23.0;3.0;3.0;138.0;2.0;8.0;8.0;0.0;0.0;10.0;11.0;19.0;18.0;19.0;0.0;0.0;1.0;4.0;1.0;0.0;0.0;0.0;0.0;1.0;0.0;0.0;0.0;11.0;1.0;1.0;0.0;0.0;12.0;0.0;0.0;29.0;0.0;0.0;0.0;0.0;4.0;10.0;10.0;4.0;5.0;60.0;11.0;1.0;65.0;11.0;83.0;1.0;17.0;0.0;0.0;0.0;0.0;0.0;11.0;0.0;0.0;1.0;0.0;0.0;0.0;0.0;0.0;0.0;0.0
NORWAY;9.0;0.0;0.0;35.0;31.0;56.0;10.0;2.0;45.0;8.0;60.0;144.0;549.0;4.0;10.0;8.0;15.0;100.0;0.0;18.0;17.0;2.0;197.0;12.0;16.0;2.0;12.0;6.0;17.0;17.0;0.0;11.0;2.0;41.0;19.0;1.0;1.0;171.0;1.0;22.0;19.0;4.0;2.0;10.0;12.0;1.0;17.0;10.0;3.0;2.0;5.0;0.0;0.0;0.0;0.0;0.0;0.0;0.0;18.0;3.0;0.0;16.0;12.0;2.0;0.0;1.0;1.0;0.0;0.0;0.0;3.0;2.0;1.0;1.0;11.0;86.0;4.0;1.0;114.0;109.0;15.0;1.0;182.0;119.0;154.0;17.0;27.0;0.0;0.0;2.0;0.0;0.0;0.0;0.0;0.0;3.0;0.0;0.0;0.0;0.0;0.0;0.0;1.0
OMAN;6.0;0.0;0.0;4.0;10.0;5.0;5.0;1.0;0.0;1.0;2.0;9.0;55.0;1.0;0.0;0.0;8.0;13.0;0.0;7.0;6.0;1.0;14.0;4.0;1.0;0.0;1.0;0.0;1.0;1.0;0.0;1.0;0.0;0.0;0.0;0.0;0.0;18.0;2.0;0.0;0.0;1.0;1.0;0.0;3.0;0.0;1.0;2.0;0.0;0.0;0.0;0.0;0.0;0.0;0.0;0.0;0.0;0.0;0.0;0.0;0.0;1.0;0.0;0.0;0.0;1.0;1.0;0.0;0.0;12.0;0.0;0.0;0.0;0.0;8.0;1.0;2.0;0.0;5.0;19.0;10.0;0.0;20.0;5.0;16.0;1.0;0.0;0.0;0.0;0.0;0.0;0.0;0.0;0.0;0.0;1.0;0.0;0.0;0.0;0.0;0.0;0.0;0.0
PAKISTAN;20.0;4.0;1.0;15.0;62.0;18.0;133.0;5.0;16.0;31.0;46.0;60.0;377.0;5.0;25.0;88.0;51.0;280.0;17.0;134.0;114.0;272.0;616.0;4.0;232.0;9.0;3.0;6.0;5.0;6.0;0.0;44.0;5.0;339.0;208.0;8.0;2.0;820.0;40.0;10.0;6.0;1.0;0.0;15.0;81.0;3.0;33.0;2.0;4.0;1.0;1.0;200.0;1.0;1.0;0.0;0.0;0.0;0.0;115.0;2.0;0.0;0.0;1.0;1.0;0.0;5.0;19.0;1.0;1.0;5.0;0.0;1.0;2.0;1.0;2.0;60.0;14.0;26.0;9.0;17.0;16.0;16.0;77.0;30.0;223.0;28.0;126.0;0.0;0.0;0.0;0.0;1.0;1.0;0.0;0.0;0.0;16.0;0.0;1.0;0.0;0.0;0.0;0.0
PANAMA;14.0;0.0;0.0;3.0;10.0;5.0;6.0;0.0;0.0;6.0;7.0;20.0;46.0;2.0;5.0;13.0;17.0;27.0;0.0;26.0;12.0;6.0;50.0;0.0;5.0;2.0;0.0;0.0;0.0;0.0;0.0;0.0;0.0;0.0;0.0;0.0;0.0;7.0;4.0;2.0;2.0;1.0;1.0;3.0;4.0;2.0;2.0;2.0;0.0;0.0;1.0;3.0;0.0;0.0;0.0;0.0;0.0;0.0;0.0;0.0;0.0;0.0;0.0;0.0;0.0;2.0;1.0;0.0;0.0;0.0;0.0;0.0;0.0;1.0;0.0;0.0;1.0;6.0;3.0;1.0;3.0;0.0;1.0;6.0;2.0;0.0;0.0;0.0;0.0;0.0;0.0;0.0;0.0;0.0;0.0;0.0;0.0;0.0;0.0;0.0;0.0;0.0;0.0
PARAGUAY;10.0;0.0;0.0;0.0;8.0;1.0;0.0;0.0;6.0;0.0;1.0;0.0;11.0;0.0;0.0;5.0;10.0;15.0;0.0;4.0;9.0;5.0;21.0;0.0;1.0;1.0;0.0;0.0;0.0;0.0;0.0;0.0;0.0;1.0;0.0;0.0;0.0;2.0;0.0;3.0;3.0;1.0;1.0;0.0;0.0;2.0;2.0;1.0;0.0;0.0;0.0;1.0;0.0;0.0;0.0;0.0;1.0;0.0;0.0;0.0;0.0;0.0;0.0;0.0;0.0;0.0;0.0;0.0;0.0;0.0;0.0;0.0;0.0;0.0;1.0;0.0;0.0;1.0;0.0;0.0;3.0;0.0;0.0;1.0;0.0;0.0;1.0;0.0;0.0;0.0;0.0;0.0;1.0;0.0;0.0;0.0;0.0;0.0;0.0;0.0;0.0;0.0;0.0
PERU;17.0;5.0;0.0;17.0;21.0;12.0;22.0;1.0;8.0;7.0;70.0;31.0;266.0;8.0;31.0;37.0;43.0;126.0;3.0;47.0;81.0;231.0;372.0;6.0;49.0;2.0;13.0;7.0;16.0;15.0;2.0;16.0;7.0;31.0;2.0;1.0;1.0;176.0;13.0;13.0;11.0;1.0;0.0;21.0;29.0;10.0;17.0;2.0;2.0;2.0;0.0;15.0;1.0;0.0;0.0;0.0;0.0;4.0;0.0;0.0;0.0;4.0;10.0;3.0;0.0;4.0;6.0;9.0;1.0;3.0;1.0;1.0;0.0;15.0;11.0;26.0;10.0;21.0;21.0;34.0;31.0;16.0;60.0;39.0;95.0;1.0;28.0;0.0;0.0;0.0;1.0;0.0;0.0;0.0;0.0;0.0;30.0;0.0;0.0;0.0;0.0;0.0;0.0
PHILIPPINES;64.0;2.0;1.0;134.0;145.0;64.0;142.0;1.0;4.0;30.0;59.0;152.0;1371.0;19.0;46.0;100.0;109.0;445.0;6.0;108.0;73.0;79.0;466.0;21.0;233.0;28.0;16.0;25.0;17.0;17.0;6.0;30.0;6.0;648.0;284.0;14.0;10.0;1285.0;45.0;40.0;41.0;0.0;0.0;58.0;70.0;18.0;199.0;29.0;0.0;6.0;3.0;214.0;1.0;7.0;1.0;0.0;8.0;5.0;5.0;0.0;0.0;14.0;12.0;3.0;0.0;23.0;21.0;22.0;1.0;10.0;2.0;3.0;5.0;16.0;95.0;349.0;13.0;17.0;120.0;352.0;150.0;10.0;678.0;138.0;385.0;40.0;385.0;0.0;0.0;0.0;0.0;0.0;4.0;0.0;0.0;0.0;1.0;0.0;0.0;0.0;0.0;0.0;0.0
POLAND;48.0;6.0;18.0;85.0;115.0;65.0;116.0;11.0;67.0;41.0;71.0;110.0;2053.0;81.0;184.0;47.0;90.0;565.0;65.0;115.0;232.0;21.0;749.0;135.0;61.0;10.0;19.0;21.0;40.0;40.0;2.0;101.0;9.0;614.0;339.0;6.0;5.0;1096.0;77.0;64.0;58.0;39.0;35.0;50.0;191.0;17.0;179.0;78.0;4.0;10.0;11.0;58.0;0.0;8.0;2.0;0.0;3.0;15.0;8.0;1.0;6.0;2.0;7.0;4.0;3.0;16.0;23.0;74.0;9.0;104.0;13.0;7.0;14.0;54.0;310.0;231.0;10.0;205.0;159.0;871.0;408.0;16.0;1090.0;313.0;395.0;65.0;342.0;0.0;3.0;4.0;3.0;1.0;0.0;0.0;5.0;0.0;1.0;0.0;5.0;0.0;0.0;0.0;4.0
PORTUGAL;14.0;4.0;3.0;40.0;42.0;14.0;50.0;3.0;113.0;20.0;41.0;35.0;553.0;2.0;13.0;16.0;22.0;320.0;4.0;60.0;35.0;28.0;431.0;19.0;19.0;5.0;70.0;6.0;83.0;85.0;2.0;22.0;0.0;425.0;68.0;0.0;0.0;755.0;36.0;47.0;45.0;36.0;2.0;12.0;60.0;2.0;87.0;9.0;2.0;8.0;2.0;13.0;1.0;1.0;0.0;4.0;1.0;2.0;27.0;0.0;2.0;0.0;4.0;3.0;26.0;2.0;2.0;2.0;6.0;8.0;6.0;7.0;1.0;19.0;40.0;130.0;3.0;71.0;66.0;83.0;63.0;4.0;203.0;130.0;108.0;231.0;340.0;0.0;6.0;3.0;2.0;0.0;0.0;0.0;2.0;0.0;5.0;0.0;4.0;0.0;0.0;0.0;3.0
QATAR;8.0;0.0;0.0;8.0;11.0;10.0;7.0;0.0;3.0;2.0;5.0;19.0;51.0;0.0;0.0;0.0;15.0;21.0;0.0;17.0;9.0;0.0;28.0;1.0;3.0;0.0;0.0;3.0;0.0;0.0;1.0;1.0;0.0;0.0;0.0;0.0;0.0;24.0;0.0;0.0;0.0;0.0;0.0;1.0;1.0;1.0;7.0;4.0;0.0;0.0;3.0;0.0;0.0;0.0;0.0;0.0;0.0;0.0;0.0;1.0;0.0;3.0;0.0;0.0;0.0;2.0;2.0;0.0;0.0;6.0;0.0;0.0;0.0;0.0;1.0;0.0;3.0;0.0;1.0;6.0;6.0;0.0;6.0;1.0;21.0;0.0;0.0;0.0;0.0;0.0;0.0;0.0;0.0;0.0;0.0;0.0;0.0;0.0;0.0;0.0;0.0;0.0;0.0
REPUBLIC OF IRELAND;5.0;5.0;1.0;39.0;16.0;13.0;38.0;12.0;77.0;2.0;9.0;35.0;370.0;3.0;1.0;22.0;17.0;147.0;4.0;24.0;123.0;26.0;384.0;13.0;0.0;4.0;19.0;4.0;32.0;30.0;2.0;19.0;6.0;47.0;44.0;19.0;18.0;135.0;19.0;27.0;22.0;24.0;0.0;18.0;35.0;9.0;37.0;77.0;5.0;3.0;4.0;0.0;2.0;1.0;0.0;3.0;3.0;5.0;1.0;1.0;0.0;0.0;4.0;3.0;21.0;1.0;2.0;1.0;8.0;45.0;6.0;3.0;0.0;3.0;23.0;52.0;3.0;1.0;83.0;89.0;32.0;5.0;133.0;85.0;10.0;88.0;6.0;0.0;9.0;0.0;1.0;5.0;1.0;0.0;0.0;7.0;0.0;0.0;0.0;0.0;0.0;0.0;1.0
ROMANIA;13.0;10.0;6.0;30.0;57.0;11.0;27.0;6.0;64.0;43.0;41.0;50.0;277.0;10.0;20.0;41.0;60.0;275.0;4.0;85.0;82.0;22.0;508.0;22.0;34.0;7.0;20.0;14.0;33.0;29.0;3.0;26.0;3.0;161.0;124.0;6.0;6.0;386.0;38.0;19.0;17.0;13.0;13.0;17.0;62.0;4.0;92.0;2.0;2.0;2.0;5.0;29.0;0.0;0.0;0.0;3.0;5.0;17.0;46.0;4.0;3.0;2.0;3.0;1.0;1.0;6.0;2.0;12.0;6.0;24.0;8.0;2.0;1.0;1.0;11.0;5.0;8.0;43.0;14.0;30.0;31.0;12.0;36.0;53.0;187.0;6.0;47.0;0.0;0.0;1.0;0.0;0.0;0.0;0.0;0.0;0.0;3.0;0.0;0.0;0.0;0.0;0.0;0.0
RUSSIA;48.0;29.0;14.0;105.0;237.0;81.0;221.0;10.0;139.0;270.0;181.0;174.0;1281.0;12.0;55.0;155.0;100.0;729.0;31.0;423.0;637.0;202.0;1889.0;15.0;154.0;42.0;43.0;14.0;56.0;55.0;2.0;173.0;23.0;505.0;301.0;36.0;20.0;1099.0;209.0;35.0;33.0;13.0;11.0;59.0;387.0;43.0;201.0;20.0;4.0;6.0;11.0;78.0;243.0;2.0;4.0;0.0;6.0;9.0;0.0;5.0;1.0;28.0;3.0;12.0;1.0;24.0;35.0;38.0;1.0;57.0;2.0;6.0;9.0;86.0;114.0;71.0;106.0;151.0;111.0;100.0;245.0;13.0;167.0;221.0;311.0;245.0;227.0;0.0;0.0;0.0;2.0;0.0;8.0;0.0;0.0;1.0;48.0;0.0;0.0;0.0;0.0;0.0;0.0
SAUDI ARABIA;3.0;0.0;1.0;2.0;3.0;5.0;2.0;0.0;0.0;2.0;3.0;4.0;16.0;1.0;18.0;9.0;3.0;7.0;18.0;12.0;6.0;3.0;47.0;0.0;2.0;0.0;1.0;1.0;3.0;3.0;0.0;1.0;1.0;0.0;0.0;0.0;0.0;2.0;0.0;0.0;0.0;1.0;1.0;0.0;1.0;0.0;0.0;1.0;0.0;0.0;0.0;2.0;0.0;0.0;0.0;0.0;0.0;0.0;0.0;0.0;0.0;0.0;0.0;0.0;0.0;1.0;0.0;0.0;0.0;0.0;3.0;0.0;0.0;0.0;0.0;0.0;0.0;0.0;0.0;1.0;1.0;0.0;1.0;0.0;0.0;0.0;0.0;0.0;0.0;1.0;0.0;0.0;0.0;0.0;0.0;0.0;0.0;0.0;0.0;0.0;0.0;0.0;0.0
SENEGAL;1.0;0.0;0.0;2.0;7.0;1.0;2.0;2.0;3.0;2.0;4.0;8.0;32.0;0.0;1.0;1.0;4.0;21.0;0.0;2.0;4.0;3.0;18.0;0.0;1.0;1.0;5.0;0.0;6.0;6.0;0.0;0.0;1.0;2.0;2.0;0.0;0.0;3.0;0.0;3.0;3.0;0.0;0.0;4.0;0.0;0.0;4.0;0.0;0.0;0.0;0.0;1.0;0.0;0.0;0.0;0.0;0.0;0.0;0.0;0.0;0.0;0.0;0.0;0.0;0.0;0.0;0.0;0.0;0.0;1.0;0.0;0.0;0.0;0.0;0.0;0.0;1.0;14.0;8.0;1.0;1.0;0.0;1.0;14.0;0.0;0.0;0.0;0.0;0.0;0.0;0.0;0.0;0.0;0.0;0.0;0.0;0.0;0.0;0.0;0.0;0.0;0.0;0.0
SIERRA LEONE;4.0;0.0;0.0;0.0;2.0;0.0;1.0;0.0;2.0;5.0;2.0;1.0;8.0;0.0;2.0;3.0;4.0;5.0;0.0;49.0;65.0;157.0;173.0;0.0;0.0;0.0;0.0;0.0;0.0;0.0;0.0;0.0;1.0;0.0;0.0;0.0;0.0;0.0;1.0;0.0;0.0;0.0;0.0;0.0;1.0;1.0;0.0;2.0;0.0;0.0;0.0;0.0;0.0;0.0;0.0;0.0;0.0;0.0;0.0;0.0;0.0;0.0;0.0;0.0;0.0;0.0;1.0;0.0;0.0;0.0;0.0;0.0;0.0;0.0;0.0;0.0;0.0;1.0;1.0;0.0;0.0;0.0;0.0;2.0;0.0;0.0;0.0;0.0;0.0;0.0;0.0;0.0;0.0;0.0;0.0;0.0;0.0;0.0;0.0;0.0;0.0;0.0;0.0
SINGAPORE;63.0;8.0;1.0;201.0;160.0;189.0;246.0;1.0;10.0;11.0;133.0;227.0;1547.0;17.0;19.0;102.0;85.0;237.0;0.0;83.0;53.0;10.0;361.0;68.0;1645.0;44.0;9.0;5.0;11.0;11.0;3.0;24.0;3.0;496.0;294.0;21.0;17.0;2649.0;3.0;10.0;9.0;3.0;0.0;54.0;27.0;3.0;73.0;2.0;0.0;9.0;43.0;258.0;3.0;12.0;4.0;3.0;3.0;9.0;1.0;1.0;0.0;1317.0;41.0;12.0;3.0;21.0;32.0;3.0;5.0;52.0;0.0;8.0;1.0;18.0;105.0;270.0;26.0;4.0;152.0;158.0;143.0;7.0;411.0;192.0;527.0;166.0;226.0;0.0;1.0;0.0;0.0;1.0;0.0;0.0;1.0;11.0;69.0;1.0;0.0;0.0;0.0;0.0;0.0
SLOVAKIA;35.0;1.0;0.0;19.0;19.0;4.0;12.0;0.0;21.0;20.0;16.0;17.0;93.0;3.0;6.0;16.0;59.0;206.0;1.0;46.0;65.0;5.0;218.0;0.0;5.0;0.0;2.0;10.0;6.0;6.0;0.0;15.0;0.0;224.0;130.0;1.0;0.0;375.0;16.0;17.0;13.0;19.0;18.0;16.0;28.0;1.0;65.0;32.0;4.0;9.0;0.0;5.0;0.0;0.0;0.0;4.0;0.0;9.0;32.0;0.0;1.0;0.0;0.0;0.0;1.0;2.0;7.0;1.0;5.0;9.0;2.0;9.0;0.0;3.0;2.0;4.0;0.0;6.0;5.0;18.0;8.0;15.0;21.0;11.0;131.0;20.0;95.0;0.0;0.0;0.0;0.0;0.0;0.0;0.0;0.0;0.0;0.0;0.0;0.0;0.0;0.0;0.0;0.0
SLOVENIA;23.0;0.0;0.0;9.0;17.0;5.0;9.0;0.0;11.0;10.0;1.0;3.0;144.0;0.0;0.0;3.0;35.0;86.0;0.0;33.0;26.0;1.0;177.0;19.0;0.0;2.0;10.0;8.0;16.0;16.0;1.0;5.0;0.0;1.0;1.0;0.0;0.0;182.0;5.0;9.0;4.0;36.0;37.0;5.0;10.0;0.0;15.0;3.0;5.0;4.0;1.0;0.0;0.0;0.0;0.0;0.0;0.0;1.0;3.0;0.0;3.0;0.0;0.0;1.0;1.0;0.0;0.0;0.0;4.0;29.0;4.0;4.0;4.0;0.0;19.0;21.0;1.0;5.0;14.0;40.0;25.0;3.0;61.0;19.0;206.0;1.0;1.0;0.0;0.0;5.0;0.0;0.0;0.0;0.0;0.0;0.0;0.0;0.0;0.0;0.0;0.0;0.0;0.0
SOUTH AFRICA;70.0;7.0;8.0;263.0;191.0;65.0;149.0;20.0;335.0;22.0;123.0;194.0;2452.0;37.0;24.0;195.0;134.0;732.0;2.0;187.0;307.0;210.0;1323.0;118.0;104.0;37.0;197.0;26.0;236.0;248.0;7.0;54.0;13.0;269.0;145.0;54.0;48.0;802.0;36.0;40.0;24.0;22.0;13.0;54.0;94.0;15.0;131.0;1.0;17.0;8.0;20.0;58.0;2.0;1.0;4.0;9.0;18.0;20.0;100.0;6.0;1.0;12.0;36.0;20.0;0.0;5.0;14.0;12.0;16.0;207.0;3.0;7.0;26.0;11.0;143.0;692.0;27.0;47.0;536.0;526.0;176.0;20.0;1101.0;556.0;318.0;240.0;125.0;0.0;0.0;4.0;0.0;5.0;1.0;0.0;1.0;4.0;36.0;0.0;1.0;1.0;0.0;0.0;8.0
SOUTH KOREA;55.0;0.0;1.0;99.0;148.0;71.0;146.0;3.0;93.0;41.0;45.0;106.0;1034.0;7.0;50.0;155.0;148.0;306.0;3.0;202.0;159.0;72.0;673.0;24.0;270.0;95.0;22.0;20.0;30.0;30.0;0.0;7.0;1.0;212.0;132.0;16.0;8.0;720.0;5.0;9.0;6.0;7.0;7.0;24.0;13.0;10.0;109.0;17.0;3.0;5.0;10.0;152.0;1.0;2.0;1.0;0.0;36.0;7.0;0.0;4.0;0.0;13.0;10.0;6.0;0.0;55.0;35.0;1.0;0.0;4.0;1.0;2.0;5.0;26.0;40.0;113.0;35.0;5.0;115.0;120.0;212.0;4.0;238.0;124.0;223.0;47.0;82.0;0.0;0.0;0.0;0.0;0.0;1.0;2.0;0.0;8.0;87.0;0.0;0.0;0.0;0.0;0.0;0.0
SPAIN;19.0;12.0;5.0;84.0;76.0;18.0;92.0;5.0;514.0;70.0;43.0;45.0;905.0;5.0;21.0;59.0;33.0;483.0;0.0;134.0;137.0;179.0;1195.0;30.0;34.0;12.0;61.0;7.0;109.0;107.0;1.0;80.0;13.0;180.0;73.0;19.0;19.0;470.0;44.0;69.0;67.0;93.0;5.0;45.0;125.0;18.0;150.0;11.0;4.0;3.0;6.0;20.0;4.0;3.0;1.0;7.0;0.0;8.0;23.0;2.0;1.0;7.0;2.0;11.0;73.0;6.0;5.0;6.0;11.0;2.0;19.0;3.0;15.0;19.0;77.0;154.0;7.0;84.0;199.0;155.0;123.0;7.0;297.0;252.0;182.0;164.0;129.0;0.0;24.0;7.0;5.0;0.0;4.0;0.0;1.0;0.0;7.0;4.0;7.0;0.0;0.0;0.0;4.0
SRI LANKA;11.0;3.0;2.0;17.0;40.0;9.0;45.0;5.0;221.0;17.0;47.0;53.0;384.0;14.0;8.0;45.0;31.0;199.0;7.0;30.0;67.0;253.0;729.0;11.0;65.0;6.0;10.0;11.0;11.0;11.0;7.0;14.0;5.0;147.0;127.0;5.0;5.0;371.0;8.0;11.0;11.0;0.0;0.0;14.0;22.0;2.0;28.0;7.0;0.0;0.0;5.0;59.0;1.0;0.0;2.0;0.0;0.0;4.0;98.0;1.0;0.0;5.0;0.0;1.0;0.0;2.0;18.0;54.0;1.0;28.0;0.0;0.0;0.0;2.0;22.0;94.0;14.0;39.0;31.0;69.0;27.0;4.0;152.0;53.0;152.0;8.0;25.0;0.0;0.0;0.0;0.0;0.0;1.0;0.0;0.0;0.0;0.0;0.0;0.0;0.0;0.0;0.0;0.0
SUDAN;1.0;0.0;0.0;0.0;1.0;0.0;1.0;0.0;0.0;2.0;1.0;0.0;3.0;2.0;3.0;3.0;1.0;3.0;1.0;11.0;14.0;48.0;57.0;0.0;1.0;0.0;0.0;0.0;0.0;0.0;0.0;0.0;0.0;0.0;0.0;0.0;0.0;1.0;0.0;1.0;1.0;0.0;0.0;0.0;1.0;0.0;0.0;0.0;0.0;0.0;0.0;1.0;0.0;0.0;0.0;0.0;0.0;0.0;0.0;0.0;0.0;0.0;0.0;0.0;0.0;0.0;1.0;0.0;0.0;0.0;0.0;0.0;0.0;0.0;0.0;0.0;0.0;1.0;0.0;0.0;0.0;0.0;0.0;1.0;0.0;0.0;0.0;0.0;0.0;0.0;0.0;0.0;0.0;0.0;0.0;0.0;0.0;0.0;0.0;0.0;0.0;0.0;0.0
SWEDEN;11.0;5.0;0.0;95.0;52.0;92.0;150.0;6.0;138.0;5.0;27.0;56.0;940.0;7.0;11.0;19.0;23.0;290.0;0.0;19.0;61.0;6.0;455.0;21.0;5.0;9.0;19.0;11.0;50.0;50.0;0.0;42.0;9.0;203.0;93.0;24.0;22.0;438.0;34.0;33.0;26.0;90.0;8.0;21.0;75.0;4.0;107.0;5.0;7.0;12.0;18.0;5.0;1.0;5.0;0.0;6.0;1.0;0.0;1.0;3.0;1.0;0.0;9.0;11.0;82.0;7.0;1.0;1.0;6.0;3.0;17.0;8.0;39.0;4.0;25.0;223.0;9.0;5.0;150.0;196.0;81.0;1.0;372.0;162.0;168.0;139.0;132.0;0.0;41.0;2.0;0.0;0.0;1.0;0.0;0.0;17.0;0.0;2.0;6.0;0.0;0.0;0.0;6.0
SWITZERLAND;120.0;14.0;6.0;112.0;164.0;40.0;186.0;44.0;197.0;23.0;35.0;45.0;1079.0;18.0;26.0;74.0;191.0;465.0;9.0;354.0;108.0;184.0;930.0;18.0;40.0;24.0;11.0;11.0;23.0;22.0;1.0;26.0;15.0;138.0;60.0;23.0;19.0;377.0;12.0;32.0;27.0;109.0;72.0;60.0;42.0;13.0;159.0;3.0;5.0;9.0;19.0;1.0;6.0;3.0;5.0;5.0;5.0;20.0;7.0;1.0;1.0;1.0;6.0;15.0;39.0;1.0;16.0;2.0;7.0;70.0;7.0;3.0;1.0;12.0;42.0;257.0;26.0;3.0;197.0;229.0;63.0;20.0;450.0;204.0;119.0;97.0;78.0;0.0;6.0;3.0;1.0;0.0;4.0;0.0;1.0;5.0;38.0;0.0;1.0;0.0;0.0;1.0;5.0
SYRIA;12.0;2.0;0.0;0.0;3.0;2.0;4.0;0.0;3.0;2.0;3.0;10.0;18.0;0.0;0.0;2.0;13.0;17.0;0.0;39.0;6.0;11.0;57.0;0.0;20.0;0.0;0.0;0.0;1.0;0.0;0.0;3.0;0.0;1.0;1.0;0.0;0.0;21.0;0.0;0.0;0.0;1.0;2.0;1.0;3.0;1.0;3.0;0.0;0.0;0.0;0.0;19.0;0.0;0.0;0.0;0.0;0.0;0.0;0.0;0.0;0.0;0.0;0.0;0.0;0.0;0.0;0.0;0.0;0.0;0.0;0.0;0.0;0.0;0.0;0.0;2.0;1.0;0.0;0.0;0.0;0.0;0.0;2.0;0.0;0.0;0.0;0.0;0.0;0.0;0.0;0.0;0.0;1.0;0.0;0.0;0.0;0.0;0.0;0.0;0.0;0.0;0.0;0.0
TAIWAN;73.0;1.0;0.0;60.0;115.0;30.0;81.0;4.0;4.0;39.0;38.0;96.0;457.0;12.0;26.0;51.0;117.0;238.0;2.0;221.0;72.0;42.0;450.0;8.0;116.0;10.0;5.0;26.0;15.0;16.0;1.0;6.0;4.0;350.0;137.0;2.0;2.0;731.0;6.0;11.0;11.0;4.0;4.0;17.0;12.0;4.0;67.0;0.0;0.0;11.0;7.0;89.0;0.0;1.0;0.0;0.0;0.0;12.0;4.0;10.0;0.0;8.0;2.0;5.0;0.0;9.0;16.0;6.0;0.0;5.0;7.0;10.0;1.0;16.0;29.0;75.0;8.0;12.0;21.0;39.0;57.0;6.0;113.0;35.0;258.0;29.0;212.0;0.0;0.0;0.0;0.0;0.0;0.0;0.0;0.0;4.0;17.0;0.0;2.0;0.0;0.0;0.0;0.0
TAJIKISTAN;2.0;0.0;1.0;0.0;0.0;0.0;0.0;0.0;4.0;5.0;1.0;0.0;1.0;0.0;1.0;7.0;3.0;10.0;0.0;13.0;21.0;90.0;104.0;0.0;0.0;0.0;0.0;0.0;2.0;2.0;0.0;1.0;0.0;0.0;0.0;0.0;0.0;0.0;0.0;0.0;0.0;0.0;0.0;2.0;1.0;1.0;0.0;0.0;0.0;2.0;0.0;0.0;0.0;0.0;0.0;0.0;0.0;0.0;0.0;0.0;0.0;0.0;0.0;0.0;0.0;0.0;0.0;0.0;0.0;0.0;2.0;2.0;0.0;0.0;0.0;1.0;0.0;0.0;0.0;0.0;0.0;0.0;1.0;0.0;0.0;0.0;0.0;0.0;0.0;0.0;0.0;0.0;0.0;0.0;0.0;0.0;0.0;0.0;0.0;0.0;0.0;0.0;0.0
TANZANIA;10.0;0.0;1.0;8.0;11.0;0.0;4.0;3.0;5.0;0.0;9.0;14.0;39.0;7.0;6.0;18.0;15.0;33.0;0.0;24.0;12.0;32.0;69.0;0.0;2.0;0.0;1.0;2.0;1.0;1.0;1.0;8.0;0.0;45.0;45.0;0.0;0.0;48.0;2.0;2.0;2.0;1.0;1.0;1.0;11.0;1.0;6.0;1.0;0.0;0.0;2.0;2.0;0.0;0.0;0.0;0.0;0.0;0.0;0.0;0.0;0.0;0.0;0.0;0.0;0.0;1.0;2.0;0.0;0.0;0.0;0.0;0.0;0.0;0.0;0.0;1.0;1.0;9.0;2.0;0.0;1.0;0.0;1.0;9.0;1.0;0.0;0.0;0.0;0.0;0.0;0.0;0.0;0.0;0.0;0.0;1.0;0.0;0.0;0.0;0.0;0.0;0.0;0.0
THAILAND;63.0;3.0;2.0;59.0;152.0;29.0;120.0;4.0;8.0;3.0;42.0;69.0;907.0;3.0;24.0;32.0;107.0;454.0;1.0;96.0;157.0;100.0;408.0;55.0;196.0;5.0;6.0;27.0;7.0;7.0;1.0;51.0;9.0;320.0;261.0;4.0;4.0;851.0;65.0;25.0;21.0;2.0;2.0;44.0;115.0;7.0;249.0;0.0;5.0;2.0;1.0;167.0;0.0;3.0;0.0;0.0;7.0;6.0;0.0;0.0;0.0;8.0;0.0;0.0;0.0;19.0;20.0;5.0;1.0;11.0;1.0;2.0;20.0;22.0;44.0;90.0;36.0;4.0;121.0;269.0;147.0;13.0;359.0;125.0;345.0;21.0;121.0;0.0;0.0;1.0;1.0;0.0;1.0;0.0;0.0;0.0;1.0;0.0;0.0;0.0;0.0;0.0;0.0
TUNISIA;12.0;0.0;0.0;5.0;14.0;11.0;12.0;0.0;11.0;0.0;8.0;12.0;99.0;0.0;0.0;1.0;20.0;47.0;0.0;15.0;4.0;2.0;132.0;2.0;14.0;0.0;1.0;1.0;2.0;2.0;0.0;2.0;1.0;17.0;1.0;1.0;1.0;123.0;11.0;4.0;4.0;3.0;3.0;3.0;13.0;1.0;5.0;0.0;0.0;0.0;2.0;12.0;0.0;0.0;0.0;0.0;0.0;0.0;9.0;0.0;0.0;0.0;2.0;1.0;0.0;1.0;4.0;0.0;0.0;22.0;1.0;0.0;0.0;2.0;10.0;0.0;5.0;10.0;3.0;36.0;14.0;0.0;36.0;12.0;87.0;12.0;15.0;0.0;0.0;0.0;0.0;0.0;0.0;0.0;0.0;0.0;0.0;0.0;0.0;0.0;0.0;0.0;0.0
TURKEY;33.0;6.0;2.0;32.0;32.0;36.0;45.0;0.0;38.0;96.0;26.0;57.0;300.0;7.0;48.0;140.0;42.0;185.0;107.0;121.0;534.0;253.0;1054.0;20.0;134.0;12.0;11.0;4.0;12.0;12.0;1.0;26.0;7.0;60.0;27.0;3.0;2.0;399.0;28.0;26.0;25.0;17.0;17.0;7.0;54.0;12.0;47.0;66.0;6.0;3.0;0.0;28.0;0.0;0.0;1.0;0.0;0.0;3.0;21.0;1.0;0.0;17.0;1.0;0.0;0.0;12.0;19.0;2.0;0.0;3.0;0.0;3.0;2.0;3.0;36.0;12.0;13.0;18.0;9.0;47.0;56.0;1.0;57.0;23.0;207.0;41.0;49.0;0.0;0.0;0.0;0.0;0.0;5.0;0.0;0.0;0.0;91.0;0.0;0.0;0.0;0.0;0.0;0.0
TURKMENISTAN;4.0;1.0;0.0;2.0;5.0;5.0;6.0;0.0;2.0;0.0;7.0;13.0;27.0;3.0;3.0;2.0;5.0;15.0;0.0;8.0;7.0;4.0;19.0;0.0;6.0;1.0;0.0;0.0;0.0;0.0;0.0;1.0;1.0;0.0;0.0;1.0;1.0;6.0;2.0;2.0;2.0;0.0;0.0;1.0;3.0;0.0;3.0;0.0;0.0;2.0;0.0;2.0;0.0;0.0;0.0;0.0;0.0;0.0;0.0;0.0;0.0;4.0;0.0;0.0;0.0;0.0;2.0;0.0;0.0;0.0;0.0;2.0;1.0;0.0;0.0;0.0;2.0;1.0;0.0;0.0;1.0;0.0;0.0;1.0;0.0;0.0;0.0;0.0;0.0;0.0;0.0;0.0;0.0;0.0;0.0;0.0;0.0;0.0;0.0;0.0;0.0;0.0;0.0
UAE;31.0;2.0;1.0;30.0;61.0;32.0;106.0;4.0;7.0;39.0;52.0;84.0;337.0;22.0;53.0;145.0;43.0;83.0;45.0;180.0;59.0;71.0;497.0;5.0;115.0;12.0;6.0;5.0;8.0;8.0;0.0;7.0;2.0;7.0;2.0;0.0;0.0;167.0;10.0;5.0;5.0;19.0;20.0;7.0;19.0;6.0;10.0;18.0;0.0;0.0;8.0;7.0;0.0;1.0;3.0;1.0;1.0;0.0;0.0;4.0;0.0;71.0;1.0;0.0;0.0;7.0;14.0;1.0;1.0;6.0;0.0;0.0;7.0;0.0;17.0;7.0;19.0;4.0;18.0;22.0;33.0;0.0;27.0;22.0;45.0;0.0;5.0;0.0;0.0;0.0;0.0;0.0;1.0;0.0;0.0;2.0;36.0;0.0;1.0;0.0;0.0;0.0;0.0
UGANDA;5.0;0.0;1.0;0.0;5.0;0.0;6.0;0.0;6.0;4.0;3.0;4.0;15.0;1.0;1.0;3.0;7.0;18.0;0.0;10.0;7.0;19.0;44.0;0.0;11.0;0.0;0.0;1.0;0.0;0.0;0.0;3.0;0.0;16.0;10.0;1.0;0.0;27.0;0.0;3.0;3.0;1.0;1.0;4.0;3.0;0.0;5.0;1.0;0.0;0.0;0.0;11.0;1.0;0.0;0.0;0.0;0.0;1.0;0.0;0.0;0.0;0.0;0.0;0.0;0.0;0.0;1.0;0.0;0.0;0.0;0.0;0.0;0.0;0.0;0.0;0.0;5.0;3.0;2.0;0.0;0.0;0.0;0.0;3.0;0.0;0.0;7.0;0.0;0.0;0.0;0.0;0.0;0.0;0.0;0.0;2.0;0.0;0.0;0.0;0.0;0.0;0.0;0.0
UK;106.0;148.0;40.0;833.0;1255.0;417.0;1321.0;334.0;2541.0;93.0;1090.0;794.0;11847.0;214.0;120.0;498.0;206.0;2677.0;56.0;443.0;1919.0;590.0;7351.0;216.0;7905.0;288.0;310.0;28.0;460.0;457.0;10.0;474.0;145.0;1759.0;1500.0;499.0;433.0;12008.0;366.0;177.0;162.0;535.0;26.0;192.0;830.0;182.0;837.0;798.0;25.0;80.0;189.0;2032.0;189.0;39.0;230.0;68.0;29.0;60.0;225.0;38.0;16.0;3475.0;153.0;243.0;313.0;36.0;55.0;71.0;124.0;384.0;57.0;55.0;110.0;1531.0;413.0;3025.0;144.0;58.0;1641.0;1183.0;2131.0;22.0;3917.0;1770.0;1660.0;1693.0;321.0;0.0;110.0;54.0;99.0;21.0;10.0;1.0;7.0;137.0;1907.0;11.0;39.0;0.0;0.0;5.0;33.0
UKRAINE;11.0;0.0;0.0;17.0;47.0;11.0;42.0;2.0;42.0;24.0;57.0;53.0;181.0;11.0;10.0;8.0;36.0;160.0;1.0;51.0;102.0;2.0;228.0;0.0;52.0;2.0;4.0;5.0;6.0;6.0;0.0;45.0;1.0;129.0;60.0;2.0;2.0;190.0;39.0;14.0;12.0;0.0;0.0;4.0;78.0;0.0;37.0;1.0;2.0;2.0;5.0;48.0;2.0;0.0;0.0;0.0;0.0;2.0;0.0;0.0;1.0;3.0;1.0;0.0;0.0;4.0;8.0;7.0;1.0;1.0;2.0;2.0;1.0;0.0;2.0;0.0;12.0;18.0;6.0;1.0;16.0;4.0;1.0;19.0;3.0;15.0;70.0;0.0;0.0;0.0;0.0;0.0;0.0;0.0;0.0;0.0;2.0;0.0;0.0;0.0;0.0;0.0;0.0
UNITED NATIONS;59.0;4.0;5.0;0.0;13.0;6.0;21.0;7.0;0.0;46.0;1.0;4.0;37.0;64.0;6.0;18.0;85.0;104.0;3.0;458.0;74.0;139.0;495.0;0.0;8.0;1.0;1.0;1.0;2.0;2.0;0.0;4.0;0.0;0.0;0.0;0.0;0.0;8.0;0.0;0.0;0.0;7.0;7.0;4.0;6.0;6.0;5.0;4.0;0.0;0.0;0.0;0.0;3.0;0.0;0.0;0.0;0.0;0.0;0.0;0.0;1.0;8.0;1.0;0.0;0.0;0.0;1.0;0.0;3.0;0.0;0.0;0.0;0.0;0.0;0.0;0.0;10.0;1.0;0.0;0.0;0.0;0.0;0.0;2.0;0.0;0.0;0.0;0.0;0.0;0.0;0.0;0.0;1.0;0.0;0.0;0.0;0.0;0.0;0.0;0.0;0.0;4.0;0.0
URUGUAY;1.0;0.0;0.0;0.0;0.0;0.0;0.0;0.0;3.0;0.0;0.0;0.0;0.0;0.0;0.0;0.0;1.0;8.0;0.0;0.0;0.0;1.0;4.0;0.0;0.0;0.0;0.0;0.0;0.0;0.0;0.0;0.0;0.0;0.0;0.0;0.0;0.0;0.0;2.0;5.0;5.0;0.0;0.0;0.0;2.0;0.0;1.0;0.0;0.0;0.0;0.0;0.0;0.0;0.0;0.0;0.0;0.0;0.0;0.0;0.0;0.0;0.0;0.0;0.0;0.0;0.0;0.0;0.0;0.0;0.0;0.0;0.0;0.0;0.0;0.0;0.0;0.0;0.0;0.0;0.0;0.0;0.0;0.0;0.0;0.0;0.0;0.0;0.0;0.0;0.0;0.0;0.0;0.0;0.0;0.0;0.0;0.0;0.0;0.0;0.0;0.0;0.0;0.0
USA;801.0;512.0;185.0;2274.0;4120.0;1955.0;3688.0;1176.0;2105.0;721.0;2263.0;2843.0;53224.0;705.0;810.0;4746.0;1163.0;13284.0;126.0;1793.0;3431.0;767.0;16291.0;563.0;12949.0;2641.0;1195.0;28.0;1508.0;1553.0;24.0;1919.0;243.0;1796.0;1144.0;2464.0;2322.0;19848.0;7160.0;269.0;255.0;287.0;127.0;451.0;9085.0;493.0;1064.0;186.0;53.0;169.0;979.0;9278.0;389.0;81.0;319.0;140.0;241.0;149.0;138.0;172.0;32.0;2430.0;872.0;506.0;98.0;265.0;183.0;659.0;201.0;1446.0;175.0;94.0;482.0;1188.0;2437.0;8444.0;344.0;56.0;6466.0;18304.0;4675.0;120.0;26259.0;7147.0;2806.0;2799.0;675.0;1.0;36.0;31.0;28.0;22.0;102.0;25.0;59.0;530.0;1117.0;53.0;8.0;9.0;0.0;2.0;82.0
UZBEKISTAN;2.0;0.0;0.0;10.0;7.0;11.0;3.0;0.0;3.0;1.0;17.0;22.0;43.0;0.0;0.0;2.0;4.0;12.0;4.0;8.0;2.0;9.0;18.0;1.0;9.0;0.0;0.0;1.0;1.0;1.0;0.0;0.0;1.0;1.0;1.0;0.0;0.0;10.0;4.0;1.0;1.0;0.0;0.0;2.0;4.0;0.0;5.0;0.0;0.0;1.0;0.0;7.0;0.0;0.0;0.0;0.0;0.0;0.0;0.0;0.0;0.0;1.0;0.0;0.0;0.0;1.0;2.0;0.0;0.0;0.0;1.0;1.0;0.0;0.0;2.0;0.0;0.0;3.0;0.0;0.0;4.0;0.0;0.0;3.0;0.0;0.0;0.0;0.0;0.0;0.0;0.0;0.0;0.0;0.0;0.0;0.0;1.0;0.0;0.0;0.0;0.0;0.0;0.0
VENEZUELA;13.0;2.0;8.0;30.0;89.0;64.0;79.0;2.0;4.0;3.0;45.0;121.0;398.0;28.0;37.0;36.0;37.0;206.0;0.0;9.0;62.0;16.0;215.0;3.0;48.0;15.0;51.0;2.0;76.0;74.0;0.0;31.0;1.0;137.0;86.0;1.0;1.0;289.0;16.0;19.0;19.0;1.0;1.0;18.0;50.0;5.0;38.0;8.0;0.0;1.0;2.0;1.0;0.0;0.0;0.0;0.0;1.0;2.0;0.0;0.0;0.0;46.0;8.0;2.0;0.0;2.0;3.0;2.0;4.0;1.0;3.0;0.0;0.0;3.0;7.0;11.0;16.0;30.0;22.0;28.0;21.0;20.0;40.0;52.0;100.0;3.0;52.0;0.0;0.0;0.0;0.0;0.0;0.0;0.0;0.0;1.0;2.0;0.0;0.0;1.0;0.0;0.0;0.0
VIETNAM;43.0;3.0;2.0;16.0;35.0;3.0;9.0;6.0;3.0;10.0;8.0;28.0;106.0;4.0;10.0;75.0;56.0;128.0;4.0;121.0;70.0;19.0;365.0;0.0;14.0;21.0;10.0;4.0;13.0;14.0;2.0;5.0;5.0;20.0;2.0;2.0;0.0;47.0;29.0;7.0;6.0;3.0;3.0;9.0;35.0;6.0;28.0;11.0;0.0;4.0;1.0;11.0;0.0;0.0;2.0;0.0;2.0;0.0;0.0;1.0;0.0;3.0;0.0;0.0;0.0;6.0;1.0;1.0;0.0;0.0;0.0;4.0;3.0;0.0;3.0;1.0;1.0;1.0;3.0;1.0;21.0;2.0;2.0;4.0;1.0;14.0;17.0;0.0;0.0;0.0;0.0;0.0;2.0;0.0;0.0;0.0;0.0;1.0;0.0;0.0;0.0;0.0;0.0
YEMEN;2.0;0.0;0.0;3.0;8.0;4.0;3.0;1.0;2.0;0.0;2.0;10.0;23.0;3.0;2.0;19.0;11.0;26.0;0.0;20.0;59.0;32.0;120.0;0.0;1.0;0.0;6.0;2.0;6.0;6.0;1.0;4.0;1.0;6.0;0.0;1.0;1.0;7.0;4.0;1.0;1.0;3.0;3.0;1.0;8.0;1.0;4.0;40.0;0.0;0.0;0.0;0.0;1.0;0.0;0.0;0.0;0.0;0.0;0.0;0.0;0.0;1.0;0.0;0.0;0.0;0.0;0.0;0.0;0.0;0.0;0.0;0.0;0.0;0.0;0.0;0.0;2.0;0.0;0.0;0.0;2.0;2.0;0.0;0.0;0.0;0.0;6.0;0.0;0.0;0.0;0.0;0.0;0.0;0.0;0.0;0.0;0.0;0.0;0.0;0.0;0.0;0.0;0.0
YUGOSLAVIA;52.0;0.0;5.0;29.0;49.0;20.0;48.0;7.0;39.0;0.0;58.0;48.0;246.0;2.0;2.0;28.0;68.0;216.0;0.0;35.0;90.0;35.0;297.0;2.0;39.0;2.0;12.0;9.0;17.0;17.0;3.0;16.0;2.0;25.0;3.0;1.0;1.0;87.0;20.0;11.0;7.0;7.0;9.0;31.0;40.0;0.0;79.0;24.0;4.0;15.0;6.0;28.0;0.0;0.0;0.0;4.0;1.0;8.0;1.0;0.0;4.0;6.0;1.0;2.0;0.0;5.0;13.0;4.0;8.0;3.0;1.0;13.0;0.0;1.0;5.0;7.0;18.0;37.0;8.0;7.0;24.0;0.0;13.0;39.0;25.0;4.0;22.0;0.0;0.0;0.0;0.0;0.0;0.0;0.0;0.0;0.0;5.0;0.0;1.0;0.0;0.0;0.0;0.0
ZAMBIA;4.0;0.0;0.0;2.0;4.0;1.0;7.0;1.0;3.0;0.0;11.0;12.0;44.0;0.0;5.0;2.0;17.0;35.0;0.0;12.0;11.0;14.0;115.0;4.0;4.0;0.0;3.0;1.0;4.0;4.0;0.0;4.0;0.0;6.0;0.0;0.0;0.0;18.0;5.0;3.0;3.0;0.0;0.0;3.0;8.0;0.0;11.0;3.0;0.0;0.0;0.0;4.0;0.0;0.0;0.0;0.0;0.0;4.0;0.0;0.0;0.0;0.0;4.0;0.0;0.0;1.0;0.0;0.0;0.0;0.0;0.0;0.0;0.0;0.0;2.0;0.0;4.0;8.0;3.0;0.0;3.0;0.0;0.0;12.0;8.0;0.0;6.0;0.0;0.0;0.0;0.0;0.0;0.0;0.0;0.0;0.0;0.0;0.0;0.0;0.0;0.0;0.0;0.0
ZIMBABWE;35.0;0.0;3.0;14.0;18.0;2.0;17.0;7.0;6.0;10.0;12.0;20.0;96.0;28.0;7.0;17.0;59.0;113.0;1.0;80.0;32.0;43.0;256.0;1.0;6.0;0.0;6.0;11.0;7.0;7.0;0.0;20.0;0.0;193.0;121.0;0.0;0.0;290.0;13.0;10.0;10.0;3.0;3.0;7.0;29.0;6.0;26.0;3.0;0.0;0.0;1.0;5.0;0.0;0.0;0.0;0.0;0.0;1.0;0.0;1.0;0.0;0.0;1.0;0.0;0.0;0.0;2.0;0.0;0.0;5.0;0.0;0.0;0.0;0.0;4.0;6.0;4.0;12.0;4.0;15.0;7.0;0.0;19.0;15.0;91.0;1.0;81.0;0.0;0.0;0.0;0.0;0.0;0.0;0.0;0.0;0.0;1.0;1.0;0.0;0.0;0.0;0.0;0.0
HAITI;0.0;3.0;0.0;1.0;0.0;0.0;0.0;0.0;0.0;5.0;0.0;3.0;10.0;0.0;0.0;8.0;0.0;9.0;0.0;13.0;34.0;21.0;61.0;0.0;0.0;0.0;7.0;0.0;9.0;9.0;0.0;0.0;0.0;0.0;0.0;1.0;1.0;0.0;0.0;0.0;0.0;0.0;0.0;0.0;0.0;2.0;0.0;17.0;0.0;0.0;0.0;0.0;0.0;0.0;0.0;0.0;0.0;0.0;0.0;0.0;0.0;0.0;0.0;0.0;0.0;0.0;0.0;0.0;0.0;0.0;0.0;0.0;0.0;0.0;0.0;0.0;0.0;2.0;0.0;0.0;0.0;0.0;0.0;2.0;0.0;0.0;0.0;0.0;0.0;0.0;0.0;0.0;0.0;0.0;0.0;0.0;0.0;0.0;0.0;0.0;0.0;0.0;0.0
DOMINICAN REPUBLIC;0.0;0.0;1.0;0.0;1.0;0.0;1.0;0.0;0.0;0.0;0.0;0.0;3.0;0.0;0.0;2.0;0.0;4.0;0.0;3.0;0.0;5.0;9.0;0.0;0.0;0.0;2.0;0.0;4.0;4.0;0.0;0.0;1.0;0.0;0.0;0.0;0.0;0.0;0.0;0.0;0.0;0.0;0.0;0.0;0.0;0.0;0.0;0.0;0.0;0.0;0.0;0.0;0.0;0.0;0.0;0.0;0.0;0.0;0.0;0.0;0.0;0.0;0.0;0.0;0.0;0.0;1.0;0.0;0.0;0.0;0.0;0.0;0.0;0.0;0.0;0.0;0.0;0.0;0.0;0.0;0.0;0.0;0.0;0.0;0.0;0.0;0.0;0.0;0.0;0.0;0.0;0.0;0.0;0.0;0.0;0.0;0.0;0.0;0.0;0.0;0.0;0.0;0.0
SOMALIA;0.0;0.0;1.0;0.0;1.0;0.0;1.0;0.0;0.0;0.0;0.0;1.0;2.0;1.0;1.0;5.0;0.0;0.0;0.0;2.0;3.0;23.0;27.0;0.0;0.0;0.0;0.0;0.0;0.0;0.0;0.0;0.0;0.0;0.0;0.0;0.0;0.0;0.0;0.0;0.0;0.0;0.0;0.0;0.0;0.0;1.0;0.0;0.0;0.0;0.0;0.0;0.0;0.0;0.0;0.0;0.0;0.0;0.0;0.0;0.0;0.0;0.0;0.0;0.0;0.0;0.0;0.0;0.0;0.0;0.0;0.0;0.0;0.0;0.0;0.0;0.0;0.0;0.0;0.0;0.0;0.0;0.0;0.0;0.0;0.0;0.0;0.0;0.0;0.0;0.0;0.0;0.0;0.0;0.0;0.0;0.0;0.0;0.0;0.0;0.0;0.0;0.0;0.0
BERMUDA;0.0;0.0;0.0;2.0;4.0;0.0;2.0;0.0;7.0;0.0;1.0;1.0;21.0;0.0;0.0;1.0;0.0;0.0;0.0;2.0;6.0;0.0;12.0;4.0;0.0;1.0;0.0;0.0;0.0;0.0;0.0;0.0;0.0;0.0;0.0;1.0;1.0;1.0;0.0;0.0;0.0;0.0;0.0;0.0;0.0;0.0;0.0;1.0;0.0;0.0;0.0;0.0;0.0;0.0;0.0;0.0;0.0;0.0;0.0;0.0;0.0;0.0;0.0;0.0;0.0;0.0;0.0;0.0;0.0;2.0;0.0;0.0;0.0;0.0;1.0;1.0;0.0;0.0;4.0;8.0;1.0;0.0;9.0;4.0;1.0;0.0;0.0;0.0;0.0;0.0;0.0;0.0;0.0;0.0;0.0;0.0;0.0;0.0;0.0;0.0;0.0;0.0;0.0
BRUNEI;0.0;0.0;0.0;1.0;2.0;1.0;0.0;0.0;0.0;0.0;0.0;4.0;4.0;0.0;0.0;1.0;1.0;2.0;0.0;1.0;2.0;0.0;4.0;0.0;0.0;0.0;0.0;1.0;0.0;0.0;0.0;0.0;0.0;1.0;1.0;0.0;0.0;1.0;0.0;0.0;0.0;1.0;0.0;0.0;0.0;0.0;2.0;1.0;0.0;0.0;0.0;0.0;0.0;0.0;0.0;0.0;0.0;0.0;0.0;0.0;0.0;0.0;0.0;0.0;1.0;0.0;0.0;0.0;0.0;0.0;0.0;0.0;0.0;0.0;0.0;0.0;0.0;0.0;0.0;0.0;0.0;0.0;0.0;0.0;0.0;0.0;0.0;0.0;1.0;0.0;0.0;0.0;0.0;0.0;0.0;0.0;0.0;0.0;0.0;0.0;0.0;0.0;0.0
GEORGIA;0.0;0.0;0.0;2.0;2.0;7.0;0.0;1.0;16.0;9.0;10.0;10.0;24.0;0.0;2.0;8.0;2.0;6.0;0.0;23.0;24.0;30.0;73.0;0.0;1.0;0.0;1.0;0.0;1.0;1.0;0.0;2.0;1.0;0.0;0.0;0.0;0.0;1.0;1.0;0.0;0.0;0.0;0.0;2.0;3.0;0.0;3.0;0.0;0.0;0.0;0.0;1.0;0.0;0.0;0.0;0.0;0.0;0.0;0.0;0.0;0.0;0.0;0.0;0.0;0.0;1.0;0.0;1.0;0.0;0.0;0.0;0.0;0.0;0.0;0.0;0.0;0.0;1.0;0.0;0.0;1.0;0.0;0.0;1.0;0.0;0.0;0.0;0.0;0.0;0.0;0.0;0.0;0.0;0.0;0.0;0.0;0.0;0.0;0.0;0.0;0.0;0.0;0.0
LIECHTENSTEIN;0.0;0.0;0.0;1.0;0.0;0.0;0.0;0.0;2.0;0.0;0.0;0.0;6.0;0.0;0.0;0.0;0.0;0.0;0.0;0.0;2.0;0.0;4.0;0.0;0.0;0.0;0.0;0.0;0.0;0.0;0.0;0.0;0.0;0.0;0.0;0.0;0.0;0.0;0.0;0.0;0.0;0.0;0.0;0.0;0.0;0.0;0.0;0.0;0.0;0.0;0.0;0.0;0.0;0.0;0.0;0.0;0.0;0.0;0.0;0.0;0.0;0.0;0.0;0.0;0.0;0.0;0.0;0.0;0.0;1.0;0.0;0.0;0.0;0.0;0.0;3.0;0.0;0.0;0.0;3.0;0.0;0.0;6.0;0.0;0.0;0.0;0.0;0.0;0.0;0.0;0.0;0.0;0.0;0.0;0.0;0.0;0.0;0.0;0.0;0.0;0.0;0.0;0.0
MALI;0.0;0.0;0.0;1.0;1.0;0.0;1.0;0.0;0.0;0.0;1.0;4.0;5.0;0.0;0.0;3.0;0.0;0.0;1.0;1.0;52.0;20.0;54.0;0.0;0.0;0.0;0.0;0.0;0.0;0.0;0.0;0.0;0.0;0.0;0.0;0.0;0.0;0.0;0.0;0.0;0.0;0.0;0.0;0.0;0.0;0.0;0.0;40.0;0.0;0.0;0.0;0.0;0.0;0.0;0.0;0.0;0.0;0.0;0.0;0.0;0.0;0.0;0.0;0.0;0.0;0.0;0.0;0.0;0.0;0.0;0.0;0.0;0.0;0.0;0.0;0.0;0.0;0.0;1.0;0.0;0.0;0.0;0.0;1.0;0.0;0.0;0.0;0.0;0.0;0.0;0.0;0.0;0.0;0.0;0.0;0.0;0.0;0.0;0.0;0.0;0.0;0.0;0.0
ZAIRE;0.0;0.0;0.0;5.0;10.0;8.0;0.0;5.0;0.0;5.0;5.0;14.0;26.0;0.0;6.0;1.0;7.0;16.0;5.0;169.0;232.0;549.0;612.0;0.0;0.0;0.0;1.0;0.0;2.0;2.0;0.0;1.0;1.0;2.0;2.0;0.0;0.0;2.0;0.0;0.0;0.0;2.0;2.0;1.0;1.0;6.0;5.0;5.0;0.0;0.0;0.0;0.0;0.0;0.0;0.0;0.0;0.0;0.0;0.0;0.0;0.0;0.0;2.0;0.0;0.0;0.0;0.0;0.0;0.0;0.0;0.0;0.0;0.0;0.0;0.0;0.0;0.0;0.0;0.0;0.0;0.0;0.0;0.0;2.0;0.0;0.0;0.0;0.0;0.0;0.0;0.0;0.0;1.0;0.0;0.0;0.0;0.0;0.0;0.0;0.0;0.0;0.0;0.0
CAYMAN ISLANDS;0.0;0.0;0.0;0.0;4.0;0.0;0.0;0.0;1.0;0.0;0.0;2.0;9.0;0.0;0.0;8.0;0.0;1.0;0.0;1.0;0.0;0.0;10.0;2.0;0.0;1.0;0.0;0.0;0.0;0.0;0.0;0.0;1.0;0.0;0.0;1.0;1.0;3.0;0.0;0.0;0.0;0.0;0.0;0.0;0.0;0.0;1.0;0.0;0.0;0.0;0.0;0.0;0.0;0.0;0.0;0.0;1.0;0.0;0.0;0.0;0.0;0.0;0.0;0.0;0.0;0.0;0.0;0.0;0.0;0.0;0.0;0.0;0.0;0.0;1.0;0.0;0.0;0.0;1.0;2.0;1.0;0.0;2.0;1.0;3.0;0.0;0.0;0.0;0.0;0.0;0.0;0.0;0.0;0.0;0.0;0.0;0.0;0.0;0.0;0.0;0.0;0.0;0.0
GUAM;0.0;0.0;0.0;0.0;1.0;0.0;0.0;0.0;0.0;0.0;0.0;8.0;24.0;0.0;26.0;0.0;0.0;0.0;0.0;1.0;0.0;0.0;27.0;0.0;0.0;0.0;0.0;0.0;0.0;0.0;0.0;0.0;0.0;0.0;0.0;0.0;0.0;0.0;0.0;0.0;0.0;0.0;0.0;0.0;0.0;1.0;0.0;0.0;0.0;0.0;0.0;0.0;0.0;0.0;0.0;0.0;0.0;0.0;0.0;0.0;0.0;0.0;0.0;0.0;0.0;0.0;0.0;0.0;0.0;0.0;0.0;0.0;0.0;0.0;0.0;0.0;0.0;0.0;0.0;0.0;0.0;0.0;0.0;0.0;0.0;0.0;0.0;0.0;0.0;0.0;0.0;0.0;0.0;0.0;0.0;0.0;0.0;0.0;0.0;0.0;0.0;0.0;0.0
LIBERIA;0.0;0.0;0.0;0.0;1.0;1.0;0.0;0.0;3.0;1.0;0.0;1.0;2.0;0.0;0.0;0.0;1.0;1.0;0.0;10.0;69.0;31.0;77.0;0.0;0.0;0.0;0.0;0.0;0.0;0.0;0.0;0.0;0.0;0.0;0.0;0.0;0.0;0.0;0.0;0.0;0.0;1.0;1.0;0.0;0.0;1.0;0.0;54.0;0.0;0.0;0.0;0.0;0.0;0.0;0.0;0.0;0.0;0.0;0.0;0.0;0.0;0.0;0.0;0.0;0.0;0.0;0.0;0.0;0.0;0.0;0.0;0.0;0.0;0.0;0.0;0.0;0.0;0.0;0.0;0.0;0.0;0.0;0.0;0.0;0.0;0.0;0.0;0.0;0.0;0.0;0.0;0.0;0.0;0.0;0.0;0.0;0.0;0.0;0.0;0.0;0.0;0.0;0.0
NORTH KOREA;0.0;0.0;0.0;0.0;1.0;1.0;0.0;0.0;0.0;2.0;0.0;5.0;5.0;0.0;0.0;0.0;3.0;3.0;0.0;6.0;0.0;0.0;6.0;0.0;0.0;0.0;0.0;0.0;0.0;0.0;0.0;0.0;0.0;0.0;0.0;0.0;0.0;0.0;0.0;0.0;0.0;0.0;0.0;0.0;0.0;0.0;0.0;0.0;0.0;0.0;0.0;0.0;0.0;0.0;0.0;0.0;0.0;0.0;0.0;0.0;0.0;0.0;0.0;0.0;0.0;0.0;0.0;0.0;0.0;0.0;0.0;0.0;0.0;0.0;0.0;0.0;0.0;0.0;0.0;0.0;0.0;0.0;0.0;0.0;0.0;0.0;0.0;0.0;0.0;0.0;0.0;0.0;0.0;0.0;0.0;0.0;0.0;0.0;0.0;0.0;0.0;0.0;0.0
PAPUA NEW GUINEA;0.0;0.0;0.0;0.0;1.0;0.0;1.0;0.0;0.0;12.0;0.0;3.0;5.0;0.0;0.0;11.0;0.0;1.0;0.0;5.0;38.0;31.0;58.0;0.0;0.0;1.0;0.0;0.0;0.0;0.0;0.0;0.0;1.0;0.0;0.0;0.0;0.0;0.0;0.0;0.0;0.0;0.0;0.0;1.0;0.0;0.0;0.0;17.0;0.0;0.0;0.0;0.0;0.0;0.0;0.0;0.0;0.0;0.0;0.0;0.0;0.0;0.0;1.0;0.0;0.0;0.0;0.0;0.0;0.0;0.0;0.0;0.0;0.0;0.0;0.0;0.0;1.0;0.0;0.0;0.0;0.0;0.0;0.0;1.0;0.0;0.0;0.0;0.0;0.0;0.0;0.0;0.0;0.0;0.0;0.0;0.0;0.0;0.0;0.0;0.0;0.0;0.0;0.0
SAO TOME AND PRINCIPE;0.0;0.0;0.0;0.0;2.0;0.0;2.0;0.0;0.0;0.0;0.0;1.0;3.0;0.0;0.0;0.0;1.0;2.0;0.0;2.0;0.0;1.0;3.0;0.0;0.0;0.0;0.0;0.0;0.0;0.0;0.0;0.0;0.0;0.0;0.0;0.0;0.0;0.0;1.0;0.0;0.0;0.0;0.0;0.0;1.0;0.0;0.0;0.0;0.0;0.0;0.0;0.0;0.0;0.0;0.0;0.0;0.0;0.0;0.0;0.0;0.0;0.0;0.0;0.0;0.0;0.0;0.0;0.0;0.0;0.0;0.0;0.0;0.0;0.0;0.0;0.0;0.0;0.0;0.0;0.0;1.0;0.0;0.0;0.0;0.0;0.0;0.0;0.0;0.0;0.0;0.0;0.0;0.0;0.0;0.0;0.0;0.0;0.0;0.0;0.0;0.0;0.0;0.0
VIRGIN ISLANDS;0.0;0.0;0.0;0.0;1.0;0.0;0.0;0.0;0.0;0.0;0.0;1.0;1.0;0.0;0.0;2.0;0.0;2.0;0.0;0.0;0.0;0.0;2.0;0.0;0.0;0.0;0.0;0.0;0.0;0.0;0.0;2.0;0.0;0.0;0.0;0.0;0.0;0.0;1.0;0.0;0.0;0.0;0.0;0.0;2.0;0.0;0.0;0.0;0.0;0.0;0.0;0.0;0.0;0.0;0.0;0.0;0.0;0.0;0.0;0.0;0.0;0.0;0.0;0.0;0.0;0.0;0.0;0.0;0.0;0.0;0.0;0.0;0.0;0.0;0.0;0.0;0.0;0.0;0.0;0.0;0.0;0.0;0.0;0.0;0.0;0.0;0.0;0.0;0.0;0.0;0.0;0.0;0.0;0.0;0.0;0.0;0.0;0.0;0.0;0.0;0.0;0.0;0.0
ALGERIA;0.0;0.0;0.0;0.0;0.0;2.0;0.0;0.0;0.0;0.0;1.0;8.0;9.0;0.0;0.0;3.0;0.0;1.0;1.0;5.0;75.0;39.0;99.0;0.0;0.0;0.0;0.0;0.0;0.0;0.0;0.0;0.0;1.0;0.0;0.0;0.0;0.0;0.0;0.0;1.0;0.0;0.0;0.0;0.0;0.0;1.0;0.0;63.0;1.0;1.0;0.0;0.0;0.0;0.0;0.0;0.0;0.0;0.0;0.0;0.0;0.0;0.0;0.0;0.0;0.0;0.0;0.0;0.0;0.0;0.0;0.0;0.0;0.0;0.0;0.0;0.0;0.0;0.0;0.0;0.0;0.0;0.0;0.0;0.0;0.0;0.0;0.0;0.0;0.0;0.0;0.0;0.0;0.0;0.0;0.0;0.0;0.0;0.0;0.0;0.0;0.0;0.0;0.0
SHARJAH;0.0;0.0;0.0;0.0;0.0;0.0;1.0;0.0;26.0;0.0;0.0;0.0;1.0;0.0;0.0;0.0;0.0;0.0;0.0;0.0;0.0;0.0;26.0;0.0;0.0;0.0;0.0;0.0;0.0;0.0;0.0;0.0;0.0;0.0;0.0;0.0;0.0;0.0;0.0;0.0;0.0;0.0;0.0;0.0;0.0;0.0;0.0;0.0;0.0;0.0;0.0;0.0;0.0;0.0;0.0;0.0;0.0;0.0;0.0;0.0;0.0;0.0;0.0;0.0;0.0;0.0;0.0;0.0;0.0;0.0;0.0;0.0;0.0;0.0;0.0;0.0;0.0;0.0;0.0;0.0;0.0;0.0;0.0;0.0;0.0;0.0;0.0;0.0;0.0;0.0;0.0;0.0;0.0;0.0;0.0;0.0;0.0;0.0;0.0;0.0;0.0;0.0;0.0
BURKINA FASO;0.0;0.0;0.0;0.0;0.0;0.0;0.0;1.0;1.0;0.0;0.0;0.0;0.0;0.0;0.0;1.0;0.0;2.0;0.0;0.0;11.0;0.0;13.0;0.0;0.0;0.0;0.0;0.0;1.0;1.0;0.0;0.0;0.0;0.0;0.0;0.0;0.0;0.0;1.0;0.0;0.0;0.0;0.0;0.0;1.0;0.0;0.0;8.0;0.0;0.0;0.0;0.0;0.0;0.0;0.0;0.0;0.0;0.0;0.0;0.0;0.0;0.0;0.0;0.0;0.0;0.0;0.0;0.0;0.0;0.0;0.0;0.0;0.0;0.0;0.0;0.0;0.0;0.0;0.0;0.0;0.0;0.0;0.0;0.0;0.0;0.0;0.0;0.0;0.0;0.0;0.0;0.0;0.0;0.0;0.0;0.0;0.0;0.0;0.0;0.0;0.0;0.0;0.0
CENTRAL AFRICAN REPUBLIC;0.0;0.0;0.0;0.0;0.0;0.0;0.0;2.0;0.0;7.0;0.0;0.0;1.0;0.0;2.0;0.0;0.0;1.0;0.0;6.0;10.0;43.0;49.0;0.0;0.0;0.0;1.0;0.0;1.0;1.0;0.0;0.0;0.0;0.0;0.0;0.0;0.0;1.0;0.0;0.0;0.0;0.0;0.0;0.0;0.0;0.0;0.0;0.0;0.0;0.0;0.0;0.0;0.0;0.0;0.0;0.0;0.0;0.0;0.0;0.0;0.0;0.0;0.0;0.0;0.0;0.0;0.0;0.0;0.0;0.0;0.0;0.0;0.0;0.0;0.0;0.0;0.0;0.0;0.0;0.0;0.0;0.0;0.0;0.0;1.0;0.0;0.0;0.0;0.0;0.0;0.0;0.0;0.0;0.0;0.0;0.0;0.0;0.0;0.0;0.0;0.0;0.0;0.0
CHAD;0.0;0.0;0.0;0.0;0.0;0.0;0.0;1.0;0.0;0.0;0.0;0.0;0.0;0.0;0.0;1.0;0.0;1.0;0.0;0.0;7.0;4.0;11.0;0.0;1.0;0.0;0.0;0.0;0.0;0.0;0.0;0.0;0.0;0.0;0.0;0.0;0.0;1.0;1.0;0.0;0.0;0.0;0.0;1.0;1.0;0.0;1.0;0.0;0.0;0.0;0.0;1.0;0.0;0.0;0.0;0.0;0.0;0.0;0.0;0.0;0.0;0.0;0.0;0.0;0.0;0.0;0.0;0.0;0.0;0.0;0.0;0.0;0.0;0.0;0.0;0.0;0.0;0.0;0.0;0.0;0.0;0.0;0.0;0.0;0.0;0.0;0.0;0.0;0.0;0.0;0.0;0.0;0.0;0.0;0.0;0.0;0.0;0.0;0.0;0.0;0.0;0.0;0.0
NAURU;0.0;0.0;0.0;0.0;0.0;0.0;0.0;1.0;0.0;0.0;0.0;0.0;0.0;0.0;0.0;0.0;0.0;0.0;0.0;0.0;1.0;0.0;2.0;0.0;0.0;0.0;0.0;0.0;0.0;0.0;0.0;0.0;0.0;0.0;0.0;0.0;0.0;0.0;0.0;0.0;0.0;0.0;0.0;0.0;0.0;0.0;0.0;0.0;0.0;0.0;0.0;0.0;0.0;0.0;0.0;0.0;0.0;0.0;0.0;0.0;0.0;0.0;0.0;0.0;0.0;0.0;0.0;0.0;0.0;0.0;0.0;0.0;0.0;0.0;0.0;0.0;0.0;0.0;0.0;0.0;0.0;0.0;0.0;0.0;0.0;0.0;0.0;0.0;0.0;0.0;0.0;0.0;0.0;0.0;0.0;0.0;0.0;0.0;0.0;0.0;0.0;0.0;0.0
NIGER;0.0;0.0;0.0;0.0;0.0;0.0;0.0;1.0;0.0;5.0;0.0;0.0;1.0;1.0;6.0;0.0;5.0;8.0;2.0;7.0;4.0;4.0;19.0;0.0;0.0;0.0;1.0;0.0;1.0;1.0;0.0;0.0;0.0;0.0;0.0;0.0;0.0;0.0;1.0;2.0;2.0;0.0;0.0;0.0;1.0;0.0;1.0;0.0;0.0;0.0;0.0;0.0;0.0;0.0;0.0;0.0;0.0;0.0;1.0;0.0;0.0;0.0;0.0;0.0;0.0;0.0;0.0;1.0;0.0;0.0;0.0;0.0;0.0;0.0;0.0;0.0;0.0;0.0;0.0;0.0;0.0;0.0;0.0;0.0;0.0;0.0;0.0;0.0;0.0;0.0;0.0;0.0;0.0;0.0;0.0;0.0;0.0;0.0;0.0;0.0;0.0;0.0;0.0
PUERTO RICO;0.0;0.0;0.0;0.0;0.0;0.0;0.0;1.0;0.0;0.0;0.0;0.0;5.0;0.0;0.0;1.0;0.0;5.0;0.0;1.0;2.0;0.0;4.0;0.0;0.0;0.0;1.0;0.0;1.0;1.0;0.0;0.0;0.0;0.0;0.0;0.0;0.0;0.0;2.0;0.0;0.0;0.0;0.0;0.0;2.0;0.0;2.0;0.0;0.0;0.0;0.0;0.0;0.0;0.0;0.0;0.0;0.0;0.0;0.0;0.0;0.0;0.0;0.0;0.0;0.0;0.0;0.0;0.0;0.0;0.0;0.0;0.0;0.0;0.0;0.0;0.0;0.0;4.0;2.0;0.0;0.0;0.0;0.0;4.0;0.0;0.0;0.0;0.0;0.0;0.0;0.0;0.0;0.0;0.0;0.0;0.0;0.0;0.0;0.0;0.0;0.0;0.0;0.0
TONGA;0.0;0.0;0.0;0.0;0.0;0.0;0.0;1.0;0.0;0.0;0.0;0.0;0.0;0.0;0.0;0.0;0.0;0.0;0.0;0.0;0.0;0.0;1.0;0.0;0.0;0.0;0.0;0.0;0.0;0.0;0.0;0.0;0.0;0.0;0.0;0.0;0.0;0.0;0.0;0.0;0.0;0.0;0.0;0.0;0.0;1.0;0.0;0.0;0.0;0.0;0.0;0.0;0.0;0.0;0.0;0.0;0.0;0.0;0.0;0.0;0.0;0.0;0.0;0.0;0.0;0.0;0.0;0.0;0.0;0.0;0.0;0.0;0.0;0.0;0.0;0.0;0.0;0.0;0.0;0.0;0.0;0.0;0.0;0.0;0.0;0.0;0.0;0.0;0.0;0.0;0.0;0.0;0.0;0.0;0.0;0.0;0.0;0.0;0.0;0.0;0.0;0.0;0.0
VATICAN;0.0;0.0;0.0;0.0;0.0;0.0;0.0;1.0;0.0;1.0;0.0;0.0;0.0;2.0;4.0;3.0;1.0;4.0;60.0;29.0;8.0;13.0;67.0;0.0;0.0;0.0;0.0;0.0;0.0;0.0;0.0;1.0;1.0;0.0;0.0;0.0;0.0;0.0;0.0;0.0;0.0;3.0;1.0;0.0;1.0;2.0;2.0;1.0;0.0;0.0;0.0;0.0;0.0;0.0;0.0;0.0;0.0;0.0;0.0;0.0;0.0;0.0;0.0;0.0;2.0;0.0;0.0;0.0;0.0;0.0;0.0;0.0;0.0;0.0;0.0;0.0;0.0;0.0;0.0;0.0;0.0;0.0;0.0;0.0;0.0;0.0;0.0;0.0;1.0;0.0;0.0;0.0;0.0;0.0;0.0;0.0;0.0;2.0;0.0;0.0;0.0;0.0;0.0
ANDORRA;0.0;0.0;0.0;0.0;0.0;0.0;0.0;0.0;8.0;0.0;0.0;0.0;0.0;0.0;0.0;0.0;0.0;0.0;0.0;0.0;0.0;0.0;8.0;0.0;0.0;0.0;0.0;0.0;0.0;0.0;0.0;0.0;0.0;0.0;0.0;0.0;0.0;0.0;0.0;0.0;0.0;0.0;0.0;0.0;0.0;0.0;0.0;0.0;0.0;0.0;0.0;0.0;0.0;0.0;0.0;0.0;0.0;0.0;0.0;0.0;0.0;0.0;0.0;0.0;0.0;0.0;0.0;0.0;0.0;0.0;0.0;0.0;0.0;0.0;0.0;0.0;0.0;0.0;0.0;0.0;0.0;0.0;0.0;0.0;0.0;0.0;0.0;0.0;0.0;0.0;0.0;0.0;0.0;0.0;0.0;0.0;0.0;0.0;0.0;0.0;0.0;0.0;0.0
ANTIGUA AND BARBUDA;0.0;0.0;0.0;0.0;0.0;0.0;0.0;0.0;50.0;0.0;0.0;0.0;0.0;0.0;0.0;0.0;0.0;0.0;0.0;0.0;0.0;0.0;50.0;0.0;0.0;0.0;0.0;0.0;0.0;0.0;0.0;0.0;0.0;0.0;0.0;0.0;0.0;0.0;0.0;0.0;0.0;0.0;0.0;0.0;0.0;0.0;0.0;0.0;0.0;0.0;0.0;0.0;0.0;0.0;0.0;0.0;0.0;0.0;0.0;0.0;0.0;0.0;0.0;0.0;0.0;0.0;0.0;0.0;0.0;0.0;0.0;0.0;0.0;0.0;0.0;0.0;0.0;0.0;0.0;0.0;0.0;0.0;0.0;0.0;0.0;0.0;0.0;0.0;0.0;0.0;0.0;0.0;0.0;0.0;0.0;0.0;0.0;0.0;0.0;0.0;0.0;0.0;0.0
BENIN;0.0;0.0;0.0;0.0;0.0;0.0;0.0;0.0;1.0;0.0;1.0;0.0;3.0;0.0;0.0;1.0;1.0;2.0;1.0;0.0;1.0;0.0;5.0;0.0;1.0;0.0;1.0;0.0;1.0;1.0;0.0;0.0;0.0;0.0;0.0;0.0;0.0;1.0;0.0;0.0;0.0;1.0;0.0;0.0;0.0;0.0;1.0;0.0;0.0;0.0;0.0;1.0;0.0;0.0;0.0;0.0;0.0;0.0;0.0;0.0;0.0;0.0;0.0;0.0;1.0;0.0;0.0;0.0;0.0;0.0;0.0;0.0;0.0;0.0;0.0;0.0;0.0;1.0;0.0;0.0;0.0;0.0;0.0;1.0;0.0;0.0;0.0;0.0;1.0;0.0;0.0;0.0;0.0;0.0;0.0;0.0;0.0;0.0;0.0;0.0;0.0;0.0;0.0
FAROE ISLANDS;0.0;0.0;0.0;0.0;0.0;0.0;0.0;0.0;2.0;0.0;0.0;0.0;0.0;0.0;0.0;0.0;0.0;0.0;0.0;0.0;0.0;0.0;2.0;0.0;0.0;0.0;0.0;0.0;0.0;0.0;0.0;0.0;0.0;0.0;0.0;0.0;0.0;0.0;0.0;0.0;0.0;0.0;0.0;0.0;0.0;0.0;0.0;0.0;0.0;0.0;0.0;0.0;0.0;0.0;0.0;0.0;0.0;0.0;0.0;0.0;0.0;0.0;0.0;0.0;0.0;0.0;0.0;0.0;0.0;0.0;0.0;0.0;0.0;0.0;0.0;0.0;0.0;0.0;0.0;0.0;0.0;0.0;0.0;0.0;0.0;0.0;0.0;0.0;0.0;0.0;0.0;0.0;0.0;0.0;0.0;0.0;0.0;0.0;0.0;0.0;0.0;0.0;0.0
FIJI;0.0;0.0;0.0;0.0;0.0;0.0;0.0;0.0;2.0;0.0;2.0;0.0;8.0;0.0;0.0;4.0;0.0;8.0;0.0;1.0;5.0;1.0;16.0;0.0;0.0;3.0;8.0;0.0;8.0;8.0;0.0;0.0;0.0;0.0;0.0;0.0;0.0;0.0;0.0;0.0;0.0;0.0;0.0;0.0;0.0;0.0;0.0;0.0;0.0;0.0;0.0;0.0;0.0;0.0;0.0;0.0;0.0;0.0;0.0;0.0;0.0;0.0;0.0;0.0;0.0;0.0;0.0;0.0;0.0;0.0;0.0;0.0;0.0;0.0;0.0;0.0;0.0;0.0;0.0;0.0;0.0;0.0;0.0;0.0;0.0;0.0;0.0;0.0;0.0;0.0;0.0;0.0;0.0;0.0;0.0;0.0;0.0;0.0;0.0;0.0;0.0;0.0;0.0
GABON;0.0;0.0;0.0;0.0;0.0;0.0;0.0;0.0;2.0;0.0;0.0;0.0;0.0;0.0;0.0;0.0;0.0;0.0;0.0;26.0;8.0;29.0;32.0;0.0;0.0;0.0;0.0;0.0;0.0;0.0;0.0;0.0;0.0;0.0;0.0;0.0;0.0;0.0;0.0;0.0;0.0;0.0;0.0;0.0;0.0;0.0;0.0;0.0;0.0;0.0;0.0;0.0;0.0;0.0;0.0;0.0;0.0;0.0;0.0;0.0;0.0;0.0;0.0;0.0;0.0;0.0;0.0;0.0;0.0;0.0;0.0;0.0;0.0;0.0;0.0;0.0;0.0;0.0;0.0;0.0;0.0;0.0;0.0;0.0;0.0;0.0;0.0;0.0;0.0;0.0;0.0;0.0;0.0;0.0;0.0;0.0;0.0;0.0;0.0;0.0;0.0;0.0;0.0
GAMBIA;0.0;0.0;0.0;0.0;0.0;0.0;0.0;0.0;2.0;0.0;0.0;2.0;2.0;0.0;0.0;2.0;0.0;0.0;0.0;1.0;3.0;3.0;10.0;0.0;0.0;0.0;0.0;0.0;0.0;0.0;0.0;0.0;0.0;0.0;0.0;0.0;0.0;0.0;0.0;0.0;0.0;0.0;0.0;0.0;0.0;0.0;0.0;1.0;0.0;0.0;0.0;0.0;0.0;0.0;0.0;0.0;0.0;0.0;0.0;0.0;0.0;0.0;0.0;0.0;0.0;0.0;0.0;0.0;0.0;0.0;0.0;0.0;0.0;0.0;0.0;0.0;0.0;0.0;0.0;0.0;0.0;0.0;0.0;0.0;0.0;0.0;0.0;0.0;0.0;0.0;0.0;0.0;0.0;0.0;0.0;0.0;0.0;0.0;0.0;0.0;0.0;0.0;0.0
MONACO;0.0;0.0;0.0;0.0;0.0;0.0;0.0;0.0;118.0;0.0;0.0;0.0;0.0;0.0;0.0;1.0;0.0;2.0;0.0;1.0;0.0;0.0;121.0;0.0;0.0;0.0;0.0;0.0;0.0;0.0;0.0;0.0;0.0;0.0;0.0;0.0;0.0;0.0;0.0;0.0;0.0;2.0;0.0;0.0;0.0;0.0;2.0;0.0;0.0;0.0;0.0;0.0;0.0;0.0;0.0;0.0;0.0;0.0;0.0;0.0;0.0;0.0;0.0;0.0;2.0;0.0;0.0;0.0;0.0;0.0;0.0;0.0;0.0;0.0;0.0;0.0;0.0;0.0;0.0;0.0;0.0;0.0;0.0;0.0;0.0;0.0;0.0;0.0;0.0;0.0;0.0;0.0;0.0;0.0;0.0;0.0;0.0;0.0;0.0;0.0;0.0;0.0;0.0
SAN MARINO;0.0;0.0;0.0;0.0;0.0;0.0;0.0;0.0;15.0;0.0;0.0;0.0;0.0;0.0;0.0;0.0;0.0;0.0;0.0;0.0;0.0;0.0;15.0;0.0;0.0;0.0;0.0;0.0;0.0;0.0;0.0;0.0;0.0;0.0;0.0;0.0;0.0;0.0;0.0;0.0;0.0;0.0;0.0;0.0;0.0;0.0;0.0;0.0;0.0;0.0;0.0;0.0;0.0;0.0;0.0;0.0;0.0;0.0;0.0;0.0;0.0;0.0;0.0;0.0;0.0;0.0;0.0;0.0;0.0;0.0;0.0;0.0;0.0;0.0;0.0;0.0;0.0;0.0;0.0;0.0;0.0;0.0;0.0;0.0;0.0;0.0;0.0;0.0;0.0;0.0;0.0;0.0;0.0;0.0;0.0;0.0;0.0;0.0;0.0;0.0;0.0;0.0;0.0
SEYCHELLES;0.0;0.0;0.0;0.0;0.0;0.0;0.0;0.0;1.0;0.0;0.0;0.0;0.0;0.0;0.0;0.0;0.0;0.0;0.0;1.0;1.0;0.0;3.0;0.0;0.0;0.0;0.0;0.0;0.0;0.0;0.0;0.0;0.0;0.0;0.0;0.0;0.0;0.0;0.0;0.0;0.0;0.0;0.0;0.0;0.0;0.0;0.0;0.0;0.0;0.0;0.0;0.0;0.0;0.0;0.0;0.0;0.0;0.0;0.0;0.0;0.0;0.0;0.0;0.0;0.0;0.0;0.0;0.0;0.0;0.0;0.0;0.0;0.0;0.0;0.0;0.0;0.0;0.0;0.0;0.0;0.0;0.0;0.0;0.0;0.0;0.0;0.0;0.0;0.0;0.0;0.0;0.0;0.0;0.0;0.0;0.0;0.0;0.0;0.0;0.0;0.0;0.0;0.0
ST KITTS;0.0;0.0;0.0;0.0;0.0;0.0;0.0;0.0;1.0;0.0;0.0;0.0;0.0;0.0;0.0;0.0;0.0;0.0;0.0;0.0;0.0;0.0;1.0;0.0;0.0;0.0;0.0;0.0;0.0;0.0;0.0;0.0;0.0;0.0;0.0;0.0;0.0;0.0;0.0;0.0;0.0;0.0;0.0;0.0;0.0;0.0;0.0;0.0;0.0;0.0;0.0;0.0;0.0;0.0;0.0;0.0;0.0;0.0;0.0;0.0;0.0;0.0;0.0;0.0;0.0;0.0;0.0;0.0;0.0;0.0;0.0;0.0;0.0;0.0;0.0;0.0;0.0;0.0;0.0;0.0;0.0;0.0;0.0;0.0;0.0;0.0;0.0;0.0;0.0;0.0;0.0;0.0;0.0;0.0;0.0;0.0;0.0;0.0;0.0;0.0;0.0;0.0;0.0
ST VINCENT;0.0;0.0;0.0;0.0;0.0;0.0;0.0;0.0;36.0;0.0;0.0;0.0;1.0;0.0;0.0;4.0;0.0;0.0;0.0;0.0;1.0;0.0;40.0;0.0;0.0;0.0;0.0;0.0;0.0;0.0;0.0;0.0;0.0;0.0;0.0;0.0;0.0;0.0;0.0;0.0;0.0;0.0;0.0;0.0;0.0;0.0;0.0;0.0;0.0;0.0;0.0;0.0;0.0;0.0;0.0;0.0;0.0;0.0;0.0;0.0;0.0;0.0;0.0;0.0;0.0;0.0;0.0;0.0;0.0;1.0;0.0;0.0;0.0;0.0;0.0;0.0;0.0;0.0;0.0;1.0;0.0;0.0;1.0;0.0;0.0;0.0;0.0;0.0;0.0;0.0;0.0;0.0;0.0;0.0;0.0;0.0;0.0;0.0;0.0;0.0;0.0;0.0;0.0
TOGO;0.0;0.0;0.0;0.0;0.0;0.0;0.0;0.0;3.0;0.0;0.0;0.0;1.0;0.0;0.0;0.0;1.0;4.0;0.0;5.0;3.0;7.0;12.0;0.0;0.0;0.0;0.0;1.0;0.0;0.0;1.0;0.0;0.0;0.0;0.0;0.0;0.0;0.0;1.0;1.0;1.0;0.0;0.0;1.0;1.0;0.0;0.0;0.0;0.0;0.0;0.0;0.0;0.0;0.0;0.0;0.0;0.0;0.0;0.0;0.0;0.0;0.0;0.0;0.0;0.0;0.0;0.0;0.0;0.0;0.0;0.0;0.0;0.0;0.0;0.0;0.0;0.0;1.0;0.0;0.0;0.0;0.0;0.0;1.0;0.0;0.0;0.0;0.0;0.0;0.0;0.0;0.0;0.0;0.0;0.0;0.0;0.0;0.0;0.0;0.0;0.0;0.0;0.0
TRINIDAD AND TOBAGO;0.0;0.0;0.0;0.0;0.0;0.0;0.0;0.0;27.0;0.0;0.0;0.0;2.0;3.0;3.0;3.0;0.0;0.0;0.0;3.0;2.0;1.0;39.0;0.0;0.0;0.0;0.0;0.0;0.0;0.0;0.0;0.0;0.0;0.0;0.0;2.0;2.0;0.0;0.0;0.0;0.0;0.0;0.0;0.0;0.0;1.0;0.0;1.0;0.0;0.0;0.0;0.0;0.0;0.0;0.0;0.0;0.0;0.0;0.0;0.0;0.0;0.0;0.0;0.0;0.0;0.0;0.0;0.0;0.0;0.0;0.0;0.0;0.0;0.0;0.0;0.0;0.0;0.0;0.0;0.0;0.0;0.0;0.0;0.0;0.0;0.0;0.0;0.0;0.0;0.0;0.0;0.0;1.0;0.0;0.0;0.0;0.0;0.0;0.0;0.0;0.0;0.0;0.0
WEST INDIES;0.0;0.0;0.0;0.0;0.0;0.0;0.0;0.0;2.0;0.0;0.0;0.0;0.0;0.0;0.0;0.0;0.0;0.0;0.0;0.0;0.0;0.0;2.0;0.0;0.0;0.0;0.0;0.0;0.0;0.0;0.0;0.0;0.0;0.0;0.0;0.0;0.0;0.0;0.0;0.0;0.0;0.0;0.0;0.0;0.0;0.0;0.0;0.0;0.0;0.0;0.0;0.0;0.0;0.0;0.0;0.0;0.0;0.0;0.0;0.0;0.0;0.0;0.0;0.0;0.0;0.0;0.0;0.0;0.0;0.0;0.0;0.0;0.0;0.0;0.0;0.0;0.0;0.0;0.0;0.0;0.0;0.0;0.0;0.0;0.0;0.0;0.0;0.0;0.0;0.0;0.0;0.0;0.0;0.0;0.0;0.0;0.0;0.0;0.0;0.0;0.0;0.0;0.0
WESTERN SAMOA;0.0;0.0;0.0;0.0;0.0;0.0;0.0;0.0;4.0;0.0;0.0;0.0;0.0;1.0;0.0;0.0;1.0;1.0;1.0;1.0;0.0;0.0;6.0;0.0;0.0;0.0;0.0;0.0;0.0;0.0;0.0;0.0;0.0;0.0;0.0;0.0;0.0;0.0;0.0;0.0;0.0;0.0;0.0;0.0;0.0;0.0;0.0;0.0;0.0;0.0;0.0;0.0;0.0;0.0;0.0;0.0;0.0;0.0;0.0;0.0;0.0;0.0;0.0;0.0;0.0;0.0;0.0;0.0;0.0;0.0;0.0;0.0;0.0;0.0;0.0;0.0;0.0;0.0;0.0;0.0;0.0;0.0;0.0;0.0;0.0;0.0;0.0;0.0;0.0;0.0;0.0;0.0;0.0;0.0;0.0;0.0;0.0;0.0;0.0;0.0;0.0;0.0;0.0
GUINEA;0.0;0.0;0.0;0.0;0.0;0.0;0.0;0.0;0.0;1.0;0.0;0.0;0.0;0.0;0.0;1.0;0.0;0.0;0.0;1.0;1.0;2.0;3.0;0.0;0.0;0.0;0.0;0.0;0.0;0.0;0.0;0.0;0.0;0.0;0.0;0.0;0.0;0.0;0.0;0.0;0.0;0.0;0.0;0.0;0.0;0.0;0.0;0.0;0.0;0.0;0.0;0.0;0.0;0.0;0.0;0.0;0.0;0.0;0.0;0.0;0.0;0.0;0.0;0.0;0.0;0.0;0.0;0.0;0.0;0.0;0.0;0.0;0.0;0.0;0.0;0.0;0.0;0.0;0.0;0.0;0.0;0.0;0.0;0.0;0.0;0.0;0.0;0.0;0.0;0.0;0.0;0.0;0.0;0.0;0.0;0.0;0.0;0.0;0.0;0.0;0.0;0.0;0.0
MONTSERRAT;0.0;0.0;0.0;0.0;0.0;0.0;0.0;0.0;0.0;2.0;0.0;1.0;1.0;19.0;19.0;0.0;0.0;1.0;0.0;0.0;1.0;0.0;21.0;0.0;0.0;0.0;0.0;0.0;1.0;1.0;0.0;0.0;0.0;0.0;0.0;0.0;0.0;0.0;0.0;0.0;0.0;0.0;0.0;0.0;0.0;0.0;0.0;0.0;0.0;0.0;0.0;0.0;1.0;0.0;0.0;0.0;0.0;0.0;0.0;0.0;0.0;0.0;0.0;0.0;0.0;0.0;0.0;0.0;0.0;0.0;0.0;0.0;0.0;0.0;0.0;0.0;0.0;0.0;0.0;0.0;0.0;0.0;0.0;0.0;0.0;0.0;0.0;0.0;0.0;0.0;0.0;0.0;0.0;0.0;0.0;0.0;0.0;0.0;0.0;0.0;0.0;0.0;0.0
EAST TIMOR;0.0;0.0;0.0;0.0;0.0;0.0;0.0;0.0;0.0;0.0;1.0;1.0;2.0;0.0;0.0;0.0;1.0;1.0;0.0;0.0;0.0;0.0;1.0;0.0;0.0;0.0;0.0;1.0;0.0;0.0;1.0;0.0;0.0;0.0;0.0;0.0;0.0;0.0;0.0;0.0;0.0;0.0;0.0;0.0;0.0;0.0;0.0;0.0;0.0;0.0;0.0;0.0;0.0;0.0;0.0;0.0;0.0;0.0;0.0;0.0;0.0;0.0;0.0;0.0;0.0;0.0;0.0;0.0;0.0;0.0;0.0;0.0;0.0;0.0;0.0;0.0;0.0;0.0;0.0;0.0;0.0;0.0;0.0;0.0;0.0;0.0;0.0;0.0;0.0;0.0;0.0;0.0;0.0;0.0;0.0;0.0;0.0;0.0;0.0;0.0;0.0;0.0;0.0
LESOTHO;0.0;0.0;0.0;0.0;0.0;0.0;0.0;0.0;0.0;0.0;1.0;1.0;1.0;1.0;1.0;1.0;0.0;0.0;0.0;1.0;10.0;3.0;13.0;0.0;0.0;0.0;0.0;0.0;0.0;0.0;0.0;0.0;0.0;0.0;0.0;0.0;0.0;0.0;0.0;0.0;0.0;0.0;0.0;0.0;0.0;0.0;0.0;1.0;0.0;0.0;0.0;0.0;0.0;0.0;0.0;0.0;0.0;0.0;0.0;0.0;0.0;0.0;0.0;0.0;0.0;0.0;0.0;1.0;0.0;0.0;0.0;0.0;0.0;0.0;0.0;0.0;0.0;0.0;0.0;0.0;0.0;0.0;0.0;0.0;0.0;0.0;0.0;0.0;0.0;0.0;0.0;0.0;0.0;0.0;0.0;0.0;0.0;0.0;0.0;0.0;0.0;0.0;0.0
SURINAM;0.0;0.0;0.0;0.0;0.0;0.0;0.0;0.0;0.0;0.0;2.0;1.0;6.0;0.0;0.0;4.0;0.0;3.0;0.0;3.0;1.0;2.0;7.0;0.0;0.0;1.0;0.0;0.0;0.0;0.0;0.0;0.0;0.0;0.0;0.0;0.0;0.0;0.0;0.0;1.0;1.0;0.0;0.0;1.0;1.0;0.0;1.0;0.0;0.0;0.0;0.0;0.0;0.0;0.0;0.0;0.0;3.0;0.0;0.0;0.0;0.0;0.0;0.0;0.0;0.0;0.0;0.0;0.0;0.0;0.0;0.0;0.0;0.0;0.0;0.0;1.0;0.0;0.0;0.0;0.0;0.0;0.0;1.0;0.0;0.0;0.0;0.0;0.0;0.0;0.0;0.0;0.0;0.0;0.0;0.0;0.0;0.0;0.0;0.0;0.0;0.0;0.0;0.0
BAHAMAS;0.0;0.0;0.0;0.0;0.0;0.0;0.0;0.0;0.0;0.0;0.0;1.0;1.0;0.0;1.0;0.0;0.0;0.0;0.0;1.0;1.0;1.0;3.0;0.0;0.0;0.0;0.0;0.0;0.0;0.0;0.0;0.0;0.0;0.0;0.0;0.0;0.0;0.0;0.0;0.0;0.0;0.0;0.0;0.0;0.0;1.0;0.0;0.0;0.0;0.0;0.0;0.0;0.0;0.0;0.0;0.0;0.0;0.0;0.0;0.0;0.0;0.0;0.0;0.0;0.0;0.0;0.0;0.0;0.0;0.0;0.0;0.0;0.0;0.0;0.0;0.0;0.0;0.0;0.0;0.0;0.0;0.0;0.0;0.0;0.0;0.0;0.0;0.0;0.0;0.0;0.0;0.0;0.0;0.0;0.0;0.0;0.0;0.0;0.0;0.0;0.0;0.0;0.0
GUADELOUPE;0.0;0.0;0.0;0.0;0.0;0.0;0.0;0.0;0.0;0.0;0.0;1.0;1.0;0.0;0.0;0.0;0.0;0.0;0.0;0.0;0.0;0.0;0.0;0.0;0.0;0.0;0.0;0.0;0.0;0.0;0.0;0.0;0.0;0.0;0.0;0.0;0.0;0.0;0.0;0.0;0.0;0.0;0.0;0.0;0.0;0.0;0.0;0.0;0.0;0.0;0.0;0.0;0.0;0.0;0.0;0.0;0.0;0.0;0.0;0.0;0.0;0.0;0.0;0.0;0.0;0.0;0.0;0.0;0.0;0.0;0.0;0.0;0.0;0.0;0.0;0.0;0.0;0.0;0.0;0.0;0.0;0.0;0.0;0.0;0.0;0.0;0.0;0.0;0.0;0.0;0.0;0.0;0.0;0.0;0.0;0.0;0.0;0.0;0.0;0.0;0.0;0.0;0.0
MAURITANIA;0.0;0.0;0.0;0.0;0.0;0.0;0.0;0.0;0.0;0.0;0.0;1.0;1.0;3.0;0.0;0.0;0.0;0.0;0.0;0.0;6.0;0.0;9.0;0.0;0.0;0.0;0.0;0.0;0.0;0.0;0.0;0.0;0.0;0.0;0.0;0.0;0.0;0.0;0.0;0.0;0.0;0.0;0.0;0.0;0.0;0.0;0.0;1.0;0.0;0.0;0.0;0.0;1.0;0.0;0.0;0.0;0.0;0.0;0.0;0.0;0.0;0.0;0.0;0.0;0.0;0.0;0.0;0.0;0.0;0.0;0.0;0.0;0.0;0.0;0.0;0.0;0.0;0.0;0.0;0.0;0.0;0.0;0.0;0.0;0.0;0.0;0.0;0.0;0.0;0.0;0.0;0.0;0.0;0.0;0.0;0.0;0.0;0.0;0.0;0.0;0.0;0.0;0.0
SERBIA;0.0;0.0;0.0;0.0;0.0;0.0;0.0;0.0;0.0;0.0;0.0;1.0;2.0;0.0;0.0;0.0;0.0;1.0;0.0;0.0;2.0;0.0;2.0;0.0;0.0;0.0;0.0;0.0;0.0;0.0;0.0;0.0;0.0;0.0;0.0;0.0;0.0;0.0;0.0;0.0;0.0;0.0;0.0;0.0;0.0;0.0;1.0;1.0;0.0;0.0;0.0;0.0;0.0;0.0;0.0;0.0;0.0;0.0;0.0;0.0;0.0;0.0;0.0;0.0;0.0;0.0;0.0;0.0;0.0;0.0;0.0;0.0;0.0;0.0;0.0;0.0;0.0;1.0;0.0;0.0;0.0;0.0;0.0;1.0;0.0;0.0;0.0;0.0;0.0;0.0;0.0;0.0;0.0;0.0;0.0;0.0;0.0;0.0;0.0;0.0;0.0;0.0;0.0
EASTERN EUROPE;0.0;0.0;0.0;0.0;0.0;0.0;0.0;0.0;0.0;0.0;0.0;0.0;3.0;0.0;0.0;0.0;0.0;0.0;0.0;0.0;0.0;0.0;0.0;0.0;0.0;0.0;0.0;0.0;0.0;0.0;0.0;0.0;0.0;0.0;0.0;0.0;0.0;0.0;0.0;0.0;0.0;0.0;0.0;0.0;0.0;0.0;0.0;0.0;0.0;0.0;0.0;0.0;0.0;0.0;3.0;0.0;0.0;0.0;0.0;0.0;0.0;0.0;0.0;0.0;0.0;0.0;0.0;0.0;0.0;0.0;0.0;0.0;0.0;0.0;0.0;0.0;0.0;0.0;0.0;0.0;0.0;0.0;0.0;0.0;0.0;0.0;0.0;0.0;0.0;0.0;0.0;0.0;0.0;0.0;0.0;0.0;0.0;0.0;0.0;0.0;0.0;0.0;0.0
VANUATU;0.0;0.0;0.0;0.0;0.0;0.0;0.0;0.0;0.0;0.0;0.0;0.0;0.0;1.0;1.0;0.0;0.0;0.0;0.0;0.0;2.0;0.0;3.0;0.0;0.0;0.0;0.0;0.0;0.0;0.0;0.0;0.0;0.0;0.0;0.0;0.0;0.0;0.0;0.0;0.0;0.0;0.0;0.0;0.0;0.0;0.0;0.0;0.0;0.0;0.0;0.0;0.0;0.0;0.0;0.0;0.0;0.0;0.0;0.0;0.0;0.0;0.0;0.0;0.0;0.0;0.0;0.0;0.0;0.0;0.0;0.0;0.0;0.0;0.0;0.0;0.0;0.0;0.0;0.0;0.0;0.0;0.0;0.0;0.0;0.0;0.0;0.0;0.0;0.0;0.0;0.0;0.0;0.0;0.0;0.0;0.0;0.0;0.0;0.0;0.0;0.0;0.0;0.0
GIBRALTAR;0.0;0.0;0.0;0.0;0.0;0.0;0.0;0.0;0.0;0.0;0.0;0.0;0.0;0.0;0.0;1.0;0.0;0.0;0.0;1.0;1.0;2.0;3.0;0.0;0.0;0.0;0.0;0.0;0.0;0.0;0.0;0.0;0.0;0.0;0.0;0.0;0.0;0.0;0.0;0.0;0.0;1.0;0.0;0.0;0.0;1.0;0.0;0.0;0.0;0.0;0.0;0.0;0.0;0.0;0.0;0.0;0.0;0.0;0.0;0.0;0.0;0.0;0.0;0.0;0.0;0.0;0.0;0.0;0.0;0.0;0.0;0.0;0.0;0.0;0.0;0.0;0.0;0.0;0.0;0.0;0.0;0.0;0.0;0.0;0.0;0.0;0.0;0.0;0.0;0.0;0.0;0.0;1.0;0.0;0.0;0.0;0.0;0.0;1.0;0.0;0.0;0.0;0.0
DJIBOUTI;0.0;0.0;0.0;0.0;0.0;0.0;0.0;0.0;0.0;0.0;0.0;0.0;0.0;0.0;0.0;0.0;1.0;1.0;0.0;1.0;2.0;0.0;2.0;0.0;0.0;0.0;0.0;0.0;0.0;0.0;0.0;0.0;0.0;0.0;0.0;0.0;0.0;0.0;1.0;0.0;0.0;0.0;0.0;0.0;1.0;0.0;0.0;0.0;0.0;0.0;0.0;0.0;0.0;0.0;0.0;0.0;0.0;0.0;0.0;0.0;0.0;0.0;0.0;0.0;0.0;0.0;0.0;0.0;0.0;0.0;0.0;0.0;0.0;0.0;0.0;0.0;0.0;0.0;0.0;0.0;0.0;0.0;0.0;0.0;0.0;0.0;0.0;0.0;0.0;0.0;0.0;0.0;0.0;0.0;0.0;0.0;0.0;0.0;0.0;0.0;0.0;0.0;0.0
COOK ISLANDS;0.0;0.0;0.0;0.0;0.0;0.0;0.0;0.0;0.0;0.0;0.0;0.0;0.0;0.0;0.0;0.0;0.0;0.0;0.0;1.0;1.0;0.0;1.0;0.0;0.0;0.0;0.0;0.0;0.0;0.0;0.0;0.0;0.0;0.0;0.0;0.0;0.0;0.0;0.0;0.0;0.0;0.0;0.0;0.0;0.0;0.0;0.0;1.0;0.0;0.0;0.0;0.0;0.0;0.0;0.0;0.0;0.0;0.0;0.0;0.0;0.0;0.0;0.0;0.0;0.0;0.0;0.0;0.0;0.0;0.0;0.0;0.0;0.0;0.0;0.0;0.0;0.0;0.0;0.0;0.0;0.0;0.0;0.0;0.0;0.0;0.0;0.0;0.0;0.0;0.0;0.0;0.0;0.0;0.0;0.0;0.0;0.0;0.0;0.0;0.0;0.0;0.0;0.0
FALKLAND ISLANDS;0.0;0.0;0.0;0.0;0.0;0.0;0.0;0.0;0.0;0.0;0.0;0.0;0.0;0.0;0.0;0.0;0.0;0.0;0.0;4.0;2.0;0.0;4.0;0.0;0.0;0.0;0.0;0.0;0.0;0.0;0.0;0.0;0.0;0.0;0.0;0.0;0.0;0.0;0.0;0.0;0.0;0.0;0.0;0.0;0.0;0.0;0.0;1.0;0.0;0.0;0.0;0.0;0.0;0.0;0.0;0.0;0.0;0.0;0.0;0.0;0.0;0.0;0.0;0.0;0.0;0.0;0.0;0.0;0.0;0.0;0.0;0.0;0.0;0.0;0.0;0.0;0.0;0.0;0.0;0.0;0.0;0.0;0.0;0.0;0.0;0.0;0.0;0.0;0.0;0.0;0.0;0.0;0.0;0.0;0.0;0.0;0.0;0.0;0.0;0.0;0.0;0.0;0.0
GRENADA;0.0;0.0;0.0;0.0;0.0;0.0;0.0;0.0;0.0;0.0;0.0;0.0;0.0;0.0;0.0;0.0;0.0;0.0;0.0;1.0;0.0;0.0;1.0;0.0;0.0;0.0;0.0;0.0;0.0;0.0;0.0;0.0;0.0;0.0;0.0;0.0;0.0;0.0;0.0;0.0;0.0;0.0;0.0;0.0;0.0;0.0;0.0;0.0;0.0;0.0;0.0;0.0;0.0;0.0;0.0;0.0;0.0;0.0;0.0;0.0;0.0;0.0;0.0;0.0;0.0;0.0;0.0;0.0;0.0;0.0;0.0;0.0;0.0;0.0;0.0;0.0;0.0;0.0;0.0;0.0;0.0;0.0;0.0;0.0;0.0;0.0;0.0;0.0;0.0;0.0;0.0;0.0;0.0;0.0;0.0;0.0;0.0;0.0;0.0;0.0;0.0;0.0;0.0
RWANDA;0.0;0.0;0.0;0.0;0.0;0.0;0.0;0.0;0.0;0.0;0.0;0.0;0.0;0.0;0.0;0.0;0.0;0.0;0.0;4.0;2.0;6.0;8.0;0.0;0.0;0.0;0.0;0.0;0.0;0.0;0.0;0.0;0.0;0.0;0.0;0.0;0.0;0.0;0.0;0.0;0.0;0.0;0.0;0.0;0.0;0.0;0.0;0.0;0.0;0.0;0.0;0.0;0.0;0.0;0.0;0.0;0.0;0.0;0.0;0.0;0.0;0.0;0.0;0.0;0.0;0.0;0.0;0.0;0.0;0.0;0.0;0.0;0.0;0.0;0.0;0.0;0.0;0.0;0.0;0.0;0.0;0.0;0.0;0.0;0.0;0.0;0.0;0.0;0.0;0.0;0.0;0.0;0.0;0.0;0.0;0.0;0.0;0.0;0.0;0.0;0.0;0.0;0.0
FRENCH POLYNESIA;0.0;0.0;0.0;0.0;0.0;0.0;0.0;0.0;0.0;0.0;0.0;0.0;0.0;0.0;0.0;0.0;0.0;0.0;0.0;0.0;1.0;1.0;3.0;0.0;0.0;0.0;0.0;0.0;0.0;0.0;0.0;0.0;0.0;0.0;0.0;0.0;0.0;0.0;0.0;0.0;0.0;0.0;0.0;0.0;0.0;0.0;0.0;1.0;0.0;0.0;0.0;0.0;1.0;0.0;0.0;0.0;0.0;0.0;0.0;0.0;0.0;0.0;0.0;0.0;0.0;0.0;0.0;0.0;0.0;0.0;0.0;0.0;0.0;0.0;0.0;0.0;0.0;0.0;0.0;0.0;0.0;0.0;0.0;0.0;0.0;0.0;0.0;0.0;0.0;0.0;0.0;0.0;0.0;0.0;0.0;0.0;0.0;0.0;0.0;0.0;0.0;0.0;0.0
GREENLAND;0.0;0.0;0.0;0.0;0.0;0.0;0.0;0.0;0.0;0.0;0.0;0.0;0.0;0.0;0.0;0.0;0.0;0.0;0.0;0.0;1.0;0.0;1.0;0.0;0.0;0.0;0.0;0.0;0.0;0.0;0.0;0.0;0.0;0.0;0.0;0.0;0.0;0.0;0.0;0.0;0.0;0.0;0.0;0.0;0.0;0.0;0.0;0.0;0.0;0.0;0.0;0.0;0.0;0.0;0.0;0.0;0.0;0.0;0.0;0.0;0.0;0.0;0.0;0.0;0.0;0.0;0.0;0.0;0.0;0.0;0.0;0.0;0.0;0.0;0.0;0.0;0.0;0.0;0.0;0.0;0.0;0.0;0.0;0.0;0.0;0.0;0.0;0.0;0.0;0.0;0.0;0.0;0.0;0.0;0.0;0.0;0.0;0.0;0.0;0.0;0.0;0.0;0.0
GUINEA BISSAU;0.0;0.0;0.0;0.0;0.0;0.0;0.0;0.0;0.0;0.0;0.0;0.0;0.0;0.0;0.0;0.0;0.0;0.0;0.0;0.0;2.0;0.0;2.0;0.0;0.0;0.0;0.0;0.0;0.0;0.0;0.0;0.0;0.0;0.0;0.0;0.0;0.0;0.0;0.0;0.0;0.0;0.0;0.0;0.0;0.0;0.0;0.0;0.0;0.0;0.0;0.0;0.0;0.0;0.0;0.0;0.0;0.0;0.0;0.0;0.0;0.0;0.0;0.0;0.0;0.0;0.0;0.0;0.0;0.0;0.0;0.0;0.0;0.0;0.0;0.0;0.0;0.0;0.0;0.0;0.0;0.0;0.0;0.0;0.0;0.0;0.0;0.0;0.0;0.0;0.0;0.0;0.0;0.0;0.0;0.0;0.0;0.0;0.0;0.0;0.0;0.0;0.0;0.0
KIRIBATI;0.0;0.0;0.0;0.0;0.0;0.0;0.0;0.0;0.0;0.0;0.0;0.0;0.0;0.0;0.0;0.0;0.0;0.0;0.0;0.0;1.0;0.0;1.0;0.0;0.0;0.0;0.0;0.0;0.0;0.0;0.0;0.0;0.0;0.0;0.0;0.0;0.0;0.0;0.0;0.0;0.0;0.0;0.0;0.0;0.0;0.0;0.0;0.0;0.0;0.0;0.0;0.0;0.0;0.0;0.0;0.0;0.0;0.0;0.0;0.0;0.0;0.0;0.0;0.0;0.0;0.0;0.0;0.0;0.0;0.0;0.0;0.0;0.0;0.0;0.0;0.0;0.0;0.0;0.0;0.0;0.0;0.0;0.0;0.0;0.0;0.0;0.0;0.0;0.0;0.0;0.0;0.0;0.0;0.0;0.0;0.0;0.0;0.0;0.0;0.0;0.0;0.0;0.0
SOLOMON ISLANDS;0.0;0.0;0.0;0.0;0.0;0.0;0.0;0.0;0.0;0.0;0.0;0.0;0.0;0.0;0.0;0.0;0.0;0.0;0.0;0.0;2.0;0.0;2.0;0.0;0.0;0.0;0.0;0.0;0.0;0.0;0.0;0.0;0.0;0.0;0.0;0.0;0.0;0.0;0.0;0.0;0.0;0.0;0.0;0.0;0.0;0.0;0.0;1.0;0.0;0.0;0.0;0.0;0.0;0.0;0.0;0.0;0.0;0.0;0.0;0.0;0.0;0.0;0.0;0.0;0.0;0.0;0.0;0.0;0.0;0.0;0.0;0.0;0.0;0.0;0.0;0.0;0.0;0.0;0.0;0.0;0.0;0.0;0.0;0.0;0.0;0.0;0.0;0.0;0.0;0.0;0.0;0.0;0.0;0.0;0.0;0.0;0.0;0.0;0.0;0.0;0.0;0.0;0.0
ST LUCIA;0.0;0.0;0.0;0.0;0.0;0.0;0.0;0.0;0.0;0.0;0.0;0.0;0.0;0.0;0.0;0.0;0.0;0.0;0.0;0.0;2.0;0.0;2.0;0.0;0.0;0.0;0.0;0.0;0.0;0.0;0.0;0.0;0.0;0.0;0.0;0.0;0.0;0.0;0.0;0.0;0.0;0.0;0.0;0.0;0.0;0.0;0.0;1.0;0.0;0.0;0.0;0.0;0.0;0.0;0.0;0.0;0.0;0.0;0.0;0.0;0.0;0.0;0.0;0.0;0.0;0.0;0.0;0.0;0.0;0.0;0.0;0.0;0.0;0.0;0.0;0.0;0.0;0.0;0.0;0.0;0.0;0.0;0.0;0.0;0.0;0.0;0.0;0.0;0.0;0.0;0.0;0.0;0.0;0.0;0.0;0.0;0.0;0.0;0.0;0.0;0.0;0.0;0.0
TUVALU;0.0;0.0;0.0;0.0;0.0;0.0;0.0;0.0;0.0;0.0;0.0;0.0;0.0;0.0;0.0;0.0;0.0;0.0;0.0;0.0;1.0;0.0;1.0;0.0;0.0;0.0;0.0;0.0;0.0;0.0;0.0;0.0;0.0;0.0;0.0;0.0;0.0;0.0;0.0;0.0;0.0;0.0;0.0;0.0;0.0;0.0;0.0;0.0;0.0;0.0;0.0;0.0;0.0;0.0;0.0;0.0;0.0;0.0;0.0;0.0;0.0;0.0;0.0;0.0;0.0;0.0;0.0;0.0;0.0;0.0;0.0;0.0;0.0;0.0;0.0;0.0;0.0;0.0;0.0;0.0;0.0;0.0;0.0;0.0;0.0;0.0;0.0;0.0;0.0;0.0;0.0;0.0;0.0;0.0;0.0;0.0;0.0;0.0;0.0;0.0;0.0;0.0;0.0
